date,slot,model,forecast_MW
2015-01-04,0,no_weather,6155.6415
2015-01-04,1,no_weather,6060.6882
2015-01-04,2,no_weather,5551.6241
2015-01-04,3,no_weather,5425.4032
2015-01-04,4,no_weather,5206.9378
2015-01-04,5,no_weather,5017.4114
2015-01-04,6,no_weather,4971.2785
2015-01-04,7,no_weather,4736.1425
2015-01-04,8,no_weather,4701.7210
2015-01-04,9,no_weather,4606.9310
2015-01-04,10,no_weather,4552.1684
2015-01-04,11,no_weather,4499.5653
2015-01-04,12,no_weather,4452.6140
2015-01-04,13,no_weather,4425.5726
2015-01-04,14,no_weather,4425.5726
2015-01-04,15,no_weather,4380.0779
2015-01-04,16,no_weather,4365.5319
2015-01-04,17,no_weather,4365.5319
2015-01-04,18,no_weather,4337.2910
2015-01-04,19,no_weather,4277.6987
2015-01-04,20,no_weather,4293.6248
2015-01-04,21,no_weather,4293.6248
2015-01-04,22,no_weather,4365.5319
2015-01-04,23,no_weather,4380.0779
2015-01-04,24,no_weather,4425.5726
2015-01-04,25,no_weather,4447.8779
2015-01-04,26,no_weather,4505.3840
2015-01-04,27,no_weather,4621.6440
2015-01-04,28,no_weather,4651.7787
2015-01-04,29,no_weather,4890.4832
2015-01-04,30,no_weather,4963.0250
2015-01-04,31,no_weather,5230.6919
2015-01-04,32,no_weather,5603.1996
2015-01-04,33,no_weather,6408.1665
2015-01-04,34,no_weather,6519.0182
2015-01-04,35,no_weather,6726.1975
2015-01-04,36,no_weather,6820.4179
2015-01-04,37,no_weather,7045.0848
2015-01-04,38,no_weather,7123.7979
2015-01-04,39,no_weather,7374.0152
2015-01-04,40,no_weather,7591.4985
2015-01-04,41,no_weather,7636.8472
2015-01-04,42,no_weather,7662.2137
2015-01-04,43,no_weather,7715.9028
2015-01-04,44,no_weather,7801.8971
2015-01-04,45,no_weather,7843.1309
2015-01-04,46,no_weather,7884.3089
2015-01-04,47,no_weather,7808.0578
2015-01-04,48,no_weather,7476.0942
2015-01-04,49,no_weather,6991.8395
2015-01-04,50,no_weather,6936.8723
2015-01-04,51,no_weather,6891.4052
2015-01-04,52,no_weather,6882.9879
2015-01-04,53,no_weather,6895.7516
2015-01-04,54,no_weather,6932.6100
2015-01-04,55,no_weather,7092.8967
2015-01-04,56,no_weather,7032.4982
2015-01-04,57,no_weather,7092.8967
2015-01-04,58,no_weather,7104.9143
2015-01-04,59,no_weather,6961.4335
2015-01-04,60,no_weather,6994.0426
2015-01-04,61,no_weather,7042.2413
2015-01-04,62,no_weather,7124.7389
2015-01-04,63,no_weather,7236.9959
2015-01-04,64,no_weather,7349.8768
2015-01-04,65,no_weather,7438.0459
2015-01-04,66,no_weather,7499.3543
2015-01-04,67,no_weather,7645.4116
2015-01-04,68,no_weather,7792.8361
2015-01-04,69,no_weather,7866.5012
2015-01-04,70,no_weather,7898.0304
2015-01-04,71,no_weather,7923.2476
2015-01-04,72,no_weather,8118.3274
2015-01-04,73,no_weather,8283.7853
2015-01-04,74,no_weather,8293.8395
2015-01-04,75,no_weather,8283.7853
2015-01-04,76,no_weather,8222.9877
2015-01-04,77,no_weather,8222.9877
2015-01-04,78,no_weather,8090.3570
2015-01-04,79,no_weather,8063.1306
2015-01-04,80,no_weather,7948.3316
2015-01-04,81,no_weather,7937.8714
2015-01-04,82,no_weather,7937.8714
2015-01-04,83,no_weather,8021.6399
2015-01-04,84,no_weather,7922.6582
2015-01-04,85,no_weather,7924.5884
2015-01-04,86,no_weather,7920.0109
2015-01-04,87,no_weather,7910.3404
2015-01-04,88,no_weather,7789.6916
2015-01-04,89,no_weather,7716.9796
2015-01-04,90,no_weather,7508.7894
2015-01-04,91,no_weather,7090.8254
2015-01-04,92,no_weather,6842.4687
2015-01-04,93,no_weather,6664.7450
2015-01-04,94,no_weather,6408.5082
2015-01-04,95,no_weather,6038.8479
2015-01-05,0,no_weather,5801.7674
2015-01-05,1,no_weather,5454.1170
2015-01-05,2,no_weather,5350.6714
2015-01-05,3,no_weather,5114.3362
2015-01-05,4,no_weather,5093.8564
2015-01-05,5,no_weather,4962.0390
2015-01-05,6,no_weather,4799.1409
2015-01-05,7,no_weather,4642.0592
2015-01-05,8,no_weather,4542.3632
2015-01-05,9,no_weather,4522.9059
2015-01-05,10,no_weather,4506.6947
2015-01-05,11,no_weather,4415.8571
2015-01-05,12,no_weather,4399.9310
2015-01-05,13,no_weather,4345.6221
2015-01-05,14,no_weather,4345.6221
2015-01-05,15,no_weather,4351.6637
2015-01-05,16,no_weather,4348.4554
2015-01-05,17,no_weather,4257.6654
2015-01-05,18,no_weather,4348.4554
2015-01-05,19,no_weather,4351.6637
2015-01-05,20,no_weather,4351.6637
2015-01-05,21,no_weather,4347.5350
2015-01-05,22,no_weather,4363.1856
2015-01-05,23,no_weather,4443.5971
2015-01-05,24,no_weather,4505.0180
2015-01-05,25,no_weather,4599.4060
2015-01-05,26,no_weather,4700.0144
2015-01-05,27,no_weather,4965.7594
2015-01-05,28,no_weather,5257.2351
2015-01-05,29,no_weather,5724.0330
2015-01-05,30,no_weather,6222.9825
2015-01-05,31,no_weather,6422.7925
2015-01-05,32,no_weather,6626.9464
2015-01-05,33,no_weather,7043.2882
2015-01-05,34,no_weather,7450.1729
2015-01-05,35,no_weather,7700.1517
2015-01-05,36,no_weather,7811.6938
2015-01-05,37,no_weather,7801.7892
2015-01-05,38,no_weather,7893.9967
2015-01-05,39,no_weather,7965.7490
2015-01-05,40,no_weather,8074.1290
2015-01-05,41,no_weather,8224.7111
2015-01-05,42,no_weather,8307.7258
2015-01-05,43,no_weather,8326.3765
2015-01-05,44,no_weather,8342.7765
2015-01-05,45,no_weather,8356.3124
2015-01-05,46,no_weather,8356.2136
2015-01-05,47,no_weather,8155.7248
2015-01-05,48,no_weather,7849.8128
2015-01-05,49,no_weather,7566.9325
2015-01-05,50,no_weather,7476.0635
2015-01-05,51,no_weather,7363.4009
2015-01-05,52,no_weather,7373.0235
2015-01-05,53,no_weather,7421.7420
2015-01-05,54,no_weather,7559.4068
2015-01-05,55,no_weather,7764.8449
2015-01-05,56,no_weather,7760.1184
2015-01-05,57,no_weather,7798.3411
2015-01-05,58,no_weather,7829.5420
2015-01-05,59,no_weather,7813.2810
2015-01-05,60,no_weather,7813.2810
2015-01-05,61,no_weather,7827.9435
2015-01-05,62,no_weather,7816.8858
2015-01-05,63,no_weather,7823.7694
2015-01-05,64,no_weather,7880.9684
2015-01-05,65,no_weather,7896.1762
2015-01-05,66,no_weather,7921.8433
2015-01-05,67,no_weather,8011.3601
2015-01-05,68,no_weather,8083.3517
2015-01-05,69,no_weather,8184.4339
2015-01-05,70,no_weather,8268.5529
2015-01-05,71,no_weather,8416.5781
2015-01-05,72,no_weather,8431.7892
2015-01-05,73,no_weather,8611.2577
2015-01-05,74,no_weather,8611.2577
2015-01-05,75,no_weather,8614.3467
2015-01-05,76,no_weather,8602.1498
2015-01-05,77,no_weather,8569.6768
2015-01-05,78,no_weather,8513.8621
2015-01-05,79,no_weather,8504.8142
2015-01-05,80,no_weather,8491.0478
2015-01-05,81,no_weather,8480.7986
2015-01-05,82,no_weather,8467.8915
2015-01-05,83,no_weather,8452.6783
2015-01-05,84,no_weather,8452.6783
2015-01-05,85,no_weather,8444.2306
2015-01-05,86,no_weather,8425.8966
2015-01-05,87,no_weather,8246.0174
2015-01-05,88,no_weather,8107.8457
2015-01-05,89,no_weather,7918.1980
2015-01-05,90,no_weather,7900.4944
2015-01-05,91,no_weather,7770.5605
2015-01-05,92,no_weather,7517.0268
2015-01-05,93,no_weather,7105.3207
2015-01-05,94,no_weather,6913.7569
2015-01-05,95,no_weather,6608.9684
2015-01-06,0,no_weather,6484.2515
2015-01-06,1,no_weather,6233.7060
2015-01-06,2,no_weather,5885.8575
2015-01-06,3,no_weather,5611.7327
2015-01-06,4,no_weather,5377.9721
2015-01-06,5,no_weather,5255.5457
2015-01-06,6,no_weather,5138.7337
2015-01-06,7,no_weather,5049.2588
2015-01-06,8,no_weather,4839.6321
2015-01-06,9,no_weather,4715.3012
2015-01-06,10,no_weather,4703.7518
2015-01-06,11,no_weather,4645.5673
2015-01-06,12,no_weather,4607.9355
2015-01-06,13,no_weather,4617.3025
2015-01-06,14,no_weather,4617.3025
2015-01-06,15,no_weather,4612.6407
2015-01-06,16,no_weather,4590.2611
2015-01-06,17,no_weather,4590.2611
2015-01-06,18,no_weather,4590.2611
2015-01-06,19,no_weather,4590.2611
2015-01-06,20,no_weather,4590.2611
2015-01-06,21,no_weather,4612.3516
2015-01-06,22,no_weather,4612.6407
2015-01-06,23,no_weather,4630.5900
2015-01-06,24,no_weather,4645.5673
2015-01-06,25,no_weather,4798.9772
2015-01-06,26,no_weather,5033.8888
2015-01-06,27,no_weather,5172.1626
2015-01-06,28,no_weather,5555.5527
2015-01-06,29,no_weather,5903.5753
2015-01-06,30,no_weather,6346.7066
2015-01-06,31,no_weather,6589.8421
2015-01-06,32,no_weather,6801.6515
2015-01-06,33,no_weather,7225.0436
2015-01-06,34,no_weather,7522.8201
2015-01-06,35,no_weather,7649.4692
2015-01-06,36,no_weather,7802.1099
2015-01-06,37,no_weather,7861.1544
2015-01-06,38,no_weather,7945.0453
2015-01-06,39,no_weather,7995.4731
2015-01-06,40,no_weather,8036.3069
2015-01-06,41,no_weather,8274.1010
2015-01-06,42,no_weather,8251.5404
2015-01-06,43,no_weather,8282.3439
2015-01-06,44,no_weather,8371.2494
2015-01-06,45,no_weather,8381.7560
2015-01-06,46,no_weather,8371.3482
2015-01-06,47,no_weather,8117.9027
2015-01-06,48,no_weather,7849.2737
2015-01-06,49,no_weather,7582.0846
2015-01-06,50,no_weather,7479.2873
2015-01-06,51,no_weather,7398.2837
2015-01-06,52,no_weather,7337.4879
2015-01-06,53,no_weather,7402.6301
2015-01-06,54,no_weather,7506.9376
2015-01-06,55,no_weather,7779.2624
2015-01-06,56,no_weather,7868.2114
2015-01-06,57,no_weather,7857.2034
2015-01-06,58,no_weather,7874.8895
2015-01-06,59,no_weather,7843.4508
2015-01-06,60,no_weather,7846.1457
2015-01-06,61,no_weather,7844.5473
2015-01-06,62,no_weather,7833.2412
2015-01-06,63,no_weather,7883.9420
2015-01-06,64,no_weather,7918.8630
2015-01-06,65,no_weather,8013.8800
2015-01-06,66,no_weather,8044.8976
2015-01-06,67,no_weather,8091.8163
2015-01-06,68,no_weather,8101.6784
2015-01-06,69,no_weather,8202.4574
2015-01-06,70,no_weather,8221.6115
2015-01-06,71,no_weather,8364.0471
2015-01-06,72,no_weather,8342.2087
2015-01-06,73,no_weather,8436.5682
2015-01-06,74,no_weather,8395.9487
2015-01-06,75,no_weather,8462.0841
2015-01-06,76,no_weather,8587.9329
2015-01-06,77,no_weather,8424.3713
2015-01-06,78,no_weather,8574.8022
2015-01-06,79,no_weather,8525.5429
2015-01-06,80,no_weather,8520.3292
2015-01-06,81,no_weather,8532.6406
2015-01-06,82,no_weather,8519.7335
2015-01-06,83,no_weather,8452.1426
2015-01-06,84,no_weather,8474.7032
2015-01-06,85,no_weather,8456.6613
2015-01-06,86,no_weather,8446.2535
2015-01-06,87,no_weather,8238.8228
2015-01-06,88,no_weather,8027.5670
2015-01-06,89,no_weather,7985.6980
2015-01-06,90,no_weather,7919.7686
2015-01-06,91,no_weather,7706.4330
2015-01-06,92,no_weather,7454.4013
2015-01-06,93,no_weather,7204.4370
2015-01-06,94,no_weather,6985.9616
2015-01-06,95,no_weather,6712.7519
2015-01-07,0,no_weather,6428.4390
2015-01-07,1,no_weather,6038.8705
2015-01-07,2,no_weather,5805.7676
2015-01-07,3,no_weather,5661.8311
2015-01-07,4,no_weather,5361.4451
2015-01-07,5,no_weather,5243.3716
2015-01-07,6,no_weather,5157.3509
2015-01-07,7,no_weather,4900.4973
2015-01-07,8,no_weather,4767.2554
2015-01-07,9,no_weather,4691.7177
2015-01-07,10,no_weather,4683.1930
2015-01-07,11,no_weather,4668.2289
2015-01-07,12,no_weather,4653.7772
2015-01-07,13,no_weather,4552.6000
2015-01-07,14,no_weather,4552.6000
2015-01-07,15,no_weather,4524.0700
2015-01-07,16,no_weather,4490.4575
2015-01-07,17,no_weather,4490.4575
2015-01-07,18,no_weather,4490.4575
2015-01-07,19,no_weather,4490.4575
2015-01-07,20,no_weather,4490.4575
2015-01-07,21,no_weather,4490.4575
2015-01-07,22,no_weather,4552.6000
2015-01-07,23,no_weather,4567.1460
2015-01-07,24,no_weather,4653.7772
2015-01-07,25,no_weather,4717.2576
2015-01-07,26,no_weather,4888.2278
2015-01-07,27,no_weather,5159.9885
2015-01-07,28,no_weather,5419.9521
2015-01-07,29,no_weather,5706.7982
2015-01-07,30,no_weather,5942.3721
2015-01-07,31,no_weather,6344.4579
2015-01-07,32,no_weather,6730.5675
2015-01-07,33,no_weather,7131.0462
2015-01-07,34,no_weather,7288.0337
2015-01-07,35,no_weather,7522.3920
2015-01-07,36,no_weather,7656.0632
2015-01-07,37,no_weather,7862.2478
2015-01-07,38,no_weather,7878.9957
2015-01-07,39,no_weather,7904.0958
2015-01-07,40,no_weather,8097.4146
2015-01-07,41,no_weather,8124.8245
2015-01-07,42,no_weather,8162.9691
2015-01-07,43,no_weather,8243.1346
2015-01-07,44,no_weather,8166.3113
2015-01-07,45,no_weather,8092.1413
2015-01-07,46,no_weather,8138.4774
2015-01-07,47,no_weather,8084.1413
2015-01-07,48,no_weather,7695.6093
2015-01-07,49,no_weather,7381.3869
2015-01-07,50,no_weather,7340.6809
2015-01-07,51,no_weather,7371.8369
2015-01-07,52,no_weather,7338.7454
2015-01-07,53,no_weather,7359.8525
2015-01-07,54,no_weather,7463.4431
2015-01-07,55,no_weather,7669.0465
2015-01-07,56,no_weather,7646.0913
2015-01-07,57,no_weather,7666.4206
2015-01-07,58,no_weather,7715.4129
2015-01-07,59,no_weather,7633.4580
2015-01-07,60,no_weather,7676.3684
2015-01-07,61,no_weather,7629.3926
2015-01-07,62,no_weather,7674.7699
2015-01-07,63,no_weather,7778.6324
2015-01-07,64,no_weather,7823.2783
2015-01-07,65,no_weather,7807.8775
2015-01-07,66,no_weather,7741.5040
2015-01-07,67,no_weather,7949.1477
2015-01-07,68,no_weather,7912.3606
2015-01-07,69,no_weather,7908.6857
2015-01-07,70,no_weather,8031.4803
2015-01-07,71,no_weather,8027.3919
2015-01-07,72,no_weather,8135.1903
2015-01-07,73,no_weather,8177.9556
2015-01-07,74,no_weather,8181.0446
2015-01-07,75,no_weather,8242.8679
2015-01-07,76,no_weather,8311.4976
2015-01-07,77,no_weather,8363.4638
2015-01-07,78,no_weather,8555.6693
2015-01-07,79,no_weather,8398.0065
2015-01-07,80,no_weather,8489.7702
2015-01-07,81,no_weather,8443.1541
2015-01-07,82,no_weather,8464.8312
2015-01-07,83,no_weather,8450.7767
2015-01-07,84,no_weather,8450.7767
2015-01-07,85,no_weather,8366.0135
2015-01-07,86,no_weather,8218.5298
2015-01-07,87,no_weather,8213.8804
2015-01-07,88,no_weather,8188.5760
2015-01-07,89,no_weather,8024.9514
2015-01-07,90,no_weather,7911.8883
2015-01-07,91,no_weather,7487.5297
2015-01-07,92,no_weather,7365.1660
2015-01-07,93,no_weather,6905.2109
2015-01-07,94,no_weather,6781.5020
2015-01-07,95,no_weather,6461.7289
2015-01-08,0,no_weather,6130.1745
2015-01-08,1,no_weather,5880.7835
2015-01-08,2,no_weather,5727.8893
2015-01-08,3,no_weather,5555.5551
2015-01-08,4,no_weather,5282.0028
2015-01-08,5,no_weather,5095.9332
2015-01-08,6,no_weather,4962.2344
2015-01-08,7,no_weather,4852.3308
2015-01-08,8,no_weather,4760.0215
2015-01-08,9,no_weather,4669.5782
2015-01-08,10,no_weather,4672.0655
2015-01-08,11,no_weather,4544.8668
2015-01-08,12,no_weather,4379.2541
2015-01-08,13,no_weather,4353.3697
2015-01-08,14,no_weather,4300.9489
2015-01-08,15,no_weather,4233.0807
2015-01-08,16,no_weather,4233.0807
2015-01-08,17,no_weather,4233.0807
2015-01-08,18,no_weather,4233.0807
2015-01-08,19,no_weather,4279.6992
2015-01-08,20,no_weather,4268.9483
2015-01-08,21,no_weather,4268.9483
2015-01-08,22,no_weather,4305.3493
2015-01-08,23,no_weather,4442.8614
2015-01-08,24,no_weather,4446.3662
2015-01-08,25,no_weather,4803.8418
2015-01-08,26,no_weather,5186.5727
2015-01-08,27,no_weather,5248.0243
2015-01-08,28,no_weather,5360.9610
2015-01-08,29,no_weather,5557.3821
2015-01-08,30,no_weather,5794.4776
2015-01-08,31,no_weather,5840.9389
2015-01-08,32,no_weather,5928.7593
2015-01-08,33,no_weather,6210.8560
2015-01-08,34,no_weather,7172.1440
2015-01-08,35,no_weather,7821.7293
2015-01-08,36,no_weather,7886.9685
2015-01-08,37,no_weather,8072.2950
2015-01-08,38,no_weather,8156.0853
2015-01-08,39,no_weather,8124.4984
2015-01-08,40,no_weather,8303.4574
2015-01-08,41,no_weather,8316.8318
2015-01-08,42,no_weather,8241.4155
2015-01-08,43,no_weather,8237.9518
2015-01-08,44,no_weather,8342.8489
2015-01-08,45,no_weather,8440.1387
2015-01-08,46,no_weather,8460.8199
2015-01-08,47,no_weather,8121.3014
2015-01-08,48,no_weather,7607.4087
2015-01-08,49,no_weather,6932.5028
2015-01-08,50,no_weather,7007.5417
2015-01-08,51,no_weather,7393.1768
2015-01-08,52,no_weather,7368.8435
2015-01-08,53,no_weather,7358.5013
2015-01-08,54,no_weather,7459.4951
2015-01-08,55,no_weather,8040.2436
2015-01-08,56,no_weather,8021.5011
2015-01-08,57,no_weather,7977.9510
2015-01-08,58,no_weather,8001.2663
2015-01-08,59,no_weather,7981.7296
2015-01-08,60,no_weather,7977.9510
2015-01-08,61,no_weather,7980.1312
2015-01-08,62,no_weather,8005.1697
2015-01-08,63,no_weather,8073.4121
2015-01-08,64,no_weather,8156.7653
2015-01-08,65,no_weather,8126.2301
2015-01-08,66,no_weather,8187.7913
2015-01-08,67,no_weather,8283.9239
2015-01-08,68,no_weather,8279.1478
2015-01-08,69,no_weather,8274.9995
2015-01-08,70,no_weather,8545.6739
2015-01-08,71,no_weather,8346.6657
2015-01-08,72,no_weather,8309.1450
2015-01-08,73,no_weather,8429.1397
2015-01-08,74,no_weather,8427.0661
2015-01-08,75,no_weather,8429.1397
2015-01-08,76,no_weather,8429.1397
2015-01-08,77,no_weather,8355.0668
2015-01-08,78,no_weather,8377.2541
2015-01-08,79,no_weather,8267.4903
2015-01-08,80,no_weather,8428.8551
2015-01-08,81,no_weather,8345.0943
2015-01-08,82,no_weather,8332.1872
2015-01-08,83,no_weather,8339.1138
2015-01-08,84,no_weather,8339.1138
2015-01-08,85,no_weather,8271.6180
2015-01-08,86,no_weather,8149.9517
2015-01-08,87,no_weather,8241.0803
2015-01-08,88,no_weather,8173.8044
2015-01-08,89,no_weather,7897.4284
2015-01-08,90,no_weather,7719.7105
2015-01-08,91,no_weather,7203.1210
2015-01-08,92,no_weather,6749.2600
2015-01-08,93,no_weather,6455.9421
2015-01-08,94,no_weather,6460.1037
2015-01-08,95,no_weather,6350.3464
2015-01-09,0,no_weather,6077.7713
2015-01-09,1,no_weather,5898.0141
2015-01-09,2,no_weather,5689.3076
2015-01-09,3,no_weather,5490.8914
2015-01-09,4,no_weather,5404.4207
2015-01-09,5,no_weather,5348.9664
2015-01-09,6,no_weather,5327.4318
2015-01-09,7,no_weather,5107.4221
2015-01-09,8,no_weather,4924.5133
2015-01-09,9,no_weather,4755.9398
2015-01-09,10,no_weather,4691.6805
2015-01-09,11,no_weather,4615.0334
2015-01-09,12,no_weather,4549.2407
2015-01-09,13,no_weather,4439.1856
2015-01-09,14,no_weather,4439.1856
2015-01-09,15,no_weather,4293.3221
2015-01-09,16,no_weather,4293.3221
2015-01-09,17,no_weather,4293.3221
2015-01-09,18,no_weather,4293.3221
2015-01-09,19,no_weather,4293.3221
2015-01-09,20,no_weather,4293.3221
2015-01-09,21,no_weather,4439.1856
2015-01-09,22,no_weather,4439.1856
2015-01-09,23,no_weather,4545.7359
2015-01-09,24,no_weather,4615.0334
2015-01-09,25,no_weather,4738.2666
2015-01-09,26,no_weather,5095.1544
2015-01-09,27,no_weather,5300.5323
2015-01-09,28,no_weather,5341.7459
2015-01-09,29,no_weather,5441.2970
2015-01-09,30,no_weather,5794.4776
2015-01-09,31,no_weather,5913.2253
2015-01-09,32,no_weather,6106.4484
2015-01-09,33,no_weather,6465.5933
2015-01-09,34,no_weather,6674.8243
2015-01-09,35,no_weather,7301.5778
2015-01-09,36,no_weather,7709.3275
2015-01-09,37,no_weather,7757.7277
2015-01-09,38,no_weather,7863.6507
2015-01-09,39,no_weather,8039.2462
2015-01-09,40,no_weather,8001.9178
2015-01-09,41,no_weather,7920.4450
2015-01-09,42,no_weather,7981.1959
2015-01-09,43,no_weather,8165.4890
2015-01-09,44,no_weather,8096.6162
2015-01-09,45,no_weather,8024.4598
2015-01-09,46,no_weather,8244.6151
2015-01-09,47,no_weather,8135.5098
2015-01-09,48,no_weather,7949.0634
2015-01-09,49,no_weather,7627.6136
2015-01-09,50,no_weather,7421.7690
2015-01-09,51,no_weather,7327.2041
2015-01-09,52,no_weather,7105.0010
2015-01-09,53,no_weather,7160.6417
2015-01-09,54,no_weather,7424.2266
2015-01-09,55,no_weather,7840.9839
2015-01-09,56,no_weather,7777.3290
2015-01-09,57,no_weather,7831.0448
2015-01-09,58,no_weather,7831.0448
2015-01-09,59,no_weather,7722.5521
2015-01-09,60,no_weather,7765.5458
2015-01-09,61,no_weather,7840.7525
2015-01-09,62,no_weather,7835.0636
2015-01-09,63,no_weather,7841.9472
2015-01-09,64,no_weather,7875.7224
2015-01-09,65,no_weather,8111.1178
2015-01-09,66,no_weather,8209.6229
2015-01-09,67,no_weather,8233.1252
2015-01-09,68,no_weather,8310.3905
2015-01-09,69,no_weather,8374.3299
2015-01-09,70,no_weather,8348.3163
2015-01-09,71,no_weather,8440.0765
2015-01-09,72,no_weather,8230.4865
2015-01-09,73,no_weather,8408.0957
2015-01-09,74,no_weather,8250.4762
2015-01-09,75,no_weather,8250.4762
2015-01-09,76,no_weather,8265.9954
2015-01-09,77,no_weather,8262.9064
2015-01-09,78,no_weather,8337.6549
2015-01-09,79,no_weather,8387.3971
2015-01-09,80,no_weather,8419.7475
2015-01-09,81,no_weather,8462.3269
2015-01-09,82,no_weather,8449.4198
2015-01-09,83,no_weather,8335.6266
2015-01-09,84,no_weather,8360.1338
2015-01-09,85,no_weather,8207.1842
2015-01-09,86,no_weather,8148.8136
2015-01-09,87,no_weather,8316.6859
2015-01-09,88,no_weather,8105.7570
2015-01-09,89,no_weather,8025.2645
2015-01-09,90,no_weather,8036.0991
2015-01-09,91,no_weather,7691.8925
2015-01-09,92,no_weather,7446.5355
2015-01-09,93,no_weather,7219.2909
2015-01-09,94,no_weather,6733.2874
2015-01-09,95,no_weather,6361.9301
2015-01-10,0,no_weather,5896.5638
2015-01-10,1,no_weather,5790.7811
2015-01-10,2,no_weather,5522.1601
2015-01-10,3,no_weather,5276.2921
2015-01-10,4,no_weather,5163.6382
2015-01-10,5,no_weather,4856.1776
2015-01-10,6,no_weather,4871.1145
2015-01-10,7,no_weather,4731.2215
2015-01-10,8,no_weather,4541.3108
2015-01-10,9,no_weather,4575.2045
2015-01-10,10,no_weather,4538.0051
2015-01-10,11,no_weather,4394.3251
2015-01-10,12,no_weather,4228.7124
2015-01-10,13,no_weather,4150.4071
2015-01-10,14,no_weather,4163.8431
2015-01-10,15,no_weather,4163.8431
2015-01-10,16,no_weather,4065.1813
2015-01-10,17,no_weather,4065.1813
2015-01-10,18,no_weather,4065.1813
2015-01-10,19,no_weather,4065.1813
2015-01-10,20,no_weather,4049.2552
2015-01-10,21,no_weather,4065.1813
2015-01-10,22,no_weather,4163.8431
2015-01-10,23,no_weather,4150.4071
2015-01-10,24,no_weather,4224.9185
2015-01-10,25,no_weather,4384.4991
2015-01-10,26,no_weather,4495.5284
2015-01-10,27,no_weather,4541.6652
2015-01-10,28,no_weather,4694.9643
2015-01-10,29,no_weather,4756.4854
2015-01-10,30,no_weather,5104.9737
2015-01-10,31,no_weather,5417.9970
2015-01-10,32,no_weather,5750.7364
2015-01-10,33,no_weather,6471.2513
2015-01-10,34,no_weather,6749.4668
2015-01-10,35,no_weather,7096.2720
2015-01-10,36,no_weather,7173.9849
2015-01-10,37,no_weather,7376.1037
2015-01-10,38,no_weather,7461.4178
2015-01-10,39,no_weather,7429.5159
2015-01-10,40,no_weather,7574.0045
2015-01-10,41,no_weather,7607.5091
2015-01-10,42,no_weather,7755.9536
2015-01-10,43,no_weather,7753.1047
2015-01-10,44,no_weather,7806.5875
2015-01-10,45,no_weather,7863.0186
2015-01-10,46,no_weather,7902.0617
2015-01-10,47,no_weather,7782.8264
2015-01-10,48,no_weather,7460.2834
2015-01-10,49,no_weather,7258.9775
2015-01-10,50,no_weather,7179.4085
2015-01-10,51,no_weather,7097.8059
2015-01-10,52,no_weather,7027.0914
2015-01-10,53,no_weather,7058.0259
2015-01-10,54,no_weather,7180.8617
2015-01-10,55,no_weather,7323.3903
2015-01-10,56,no_weather,7304.7033
2015-01-10,57,no_weather,7310.4530
2015-01-10,58,no_weather,7304.7033
2015-01-10,59,no_weather,7324.8681
2015-01-10,60,no_weather,7305.2427
2015-01-10,61,no_weather,7357.7065
2015-01-10,62,no_weather,7424.8337
2015-01-10,63,no_weather,7477.3343
2015-01-10,64,no_weather,7419.4183
2015-01-10,65,no_weather,7545.2922
2015-01-10,66,no_weather,7602.1554
2015-01-10,67,no_weather,7622.5916
2015-01-10,68,no_weather,7728.2245
2015-01-10,69,no_weather,7784.7316
2015-01-10,70,no_weather,7834.2401
2015-01-10,71,no_weather,8027.0553
2015-01-10,72,no_weather,8130.3161
2015-01-10,73,no_weather,8321.4710
2015-01-10,74,no_weather,8321.4710
2015-01-10,75,no_weather,8321.4710
2015-01-10,76,no_weather,8321.4710
2015-01-10,77,no_weather,8319.6247
2015-01-10,78,no_weather,8311.0632
2015-01-10,79,no_weather,8130.7682
2015-01-10,80,no_weather,8054.6619
2015-01-10,81,no_weather,8115.7679
2015-01-10,82,no_weather,8038.1600
2015-01-10,83,no_weather,8014.4461
2015-01-10,84,no_weather,8029.7915
2015-01-10,85,no_weather,7961.3082
2015-01-10,86,no_weather,7955.3299
2015-01-10,87,no_weather,7827.0016
2015-01-10,88,no_weather,7774.7903
2015-01-10,89,no_weather,7670.3313
2015-01-10,90,no_weather,7502.2463
2015-01-10,91,no_weather,7336.3813
2015-01-10,92,no_weather,7208.9206
2015-01-10,93,no_weather,6860.3452
2015-01-10,94,no_weather,6610.1084
2015-01-10,95,no_weather,6238.4523
2015-01-04,0,mean_temp_quad,5952.5544
2015-01-04,1,mean_temp_quad,5786.2362
2015-01-04,2,mean_temp_quad,5413.6597
2015-01-04,3,mean_temp_quad,5247.7860
2015-01-04,4,mean_temp_quad,5149.7555
2015-01-04,5,mean_temp_quad,4926.2013
2015-01-04,6,mean_temp_quad,4878.4924
2015-01-04,7,mean_temp_quad,4561.7388
2015-01-04,8,mean_temp_quad,4541.4131
2015-01-04,9,mean_temp_quad,4383.3008
2015-01-04,10,mean_temp_quad,4321.3484
2015-01-04,11,mean_temp_quad,4322.2629
2015-01-04,12,mean_temp_quad,4301.9396
2015-01-04,13,mean_temp_quad,4225.7467
2015-01-04,14,mean_temp_quad,4225.7467
2015-01-04,15,mean_temp_quad,4201.0024
2015-01-04,16,mean_temp_quad,4161.9468
2015-01-04,17,mean_temp_quad,4200.6504
2015-01-04,18,mean_temp_quad,4140.4565
2015-01-04,19,mean_temp_quad,4122.8386
2015-01-04,20,mean_temp_quad,4140.4565
2015-01-04,21,mean_temp_quad,4140.4565
2015-01-04,22,mean_temp_quad,4200.6504
2015-01-04,23,mean_temp_quad,4201.0024
2015-01-04,24,mean_temp_quad,4225.7467
2015-01-04,25,mean_temp_quad,4252.2982
2015-01-04,26,mean_temp_quad,4343.1112
2015-01-04,27,mean_temp_quad,4464.6921
2015-01-04,28,mean_temp_quad,4499.1149
2015-01-04,29,mean_temp_quad,4861.2951
2015-01-04,30,mean_temp_quad,4962.0309
2015-01-04,31,mean_temp_quad,5168.1403
2015-01-04,32,mean_temp_quad,5393.1969
2015-01-04,33,mean_temp_quad,6024.5093
2015-01-04,34,mean_temp_quad,6166.4377
2015-01-04,35,mean_temp_quad,6383.5004
2015-01-04,36,mean_temp_quad,6511.6220
2015-01-04,37,mean_temp_quad,6716.9221
2015-01-04,38,mean_temp_quad,6778.0431
2015-01-04,39,mean_temp_quad,7008.3192
2015-01-04,40,mean_temp_quad,7365.7043
2015-01-04,41,mean_temp_quad,7482.6886
2015-01-04,42,mean_temp_quad,7500.1439
2015-01-04,43,mean_temp_quad,7562.1283
2015-01-04,44,mean_temp_quad,7611.5176
2015-01-04,45,mean_temp_quad,7671.4148
2015-01-04,46,mean_temp_quad,7634.7470
2015-01-04,47,mean_temp_quad,7591.6358
2015-01-04,48,mean_temp_quad,7208.9289
2015-01-04,49,mean_temp_quad,6765.5291
2015-01-04,50,mean_temp_quad,6715.9941
2015-01-04,51,mean_temp_quad,6666.0948
2015-01-04,52,mean_temp_quad,6557.0051
2015-01-04,53,mean_temp_quad,6558.6270
2015-01-04,54,mean_temp_quad,6715.9941
2015-01-04,55,mean_temp_quad,6807.6503
2015-01-04,56,mean_temp_quad,6810.3658
2015-01-04,57,mean_temp_quad,6829.8499
2015-01-04,58,mean_temp_quad,6817.5959
2015-01-04,59,mean_temp_quad,6714.8266
2015-01-04,60,mean_temp_quad,6736.8971
2015-01-04,61,mean_temp_quad,6782.4938
2015-01-04,62,mean_temp_quad,6798.8701
2015-01-04,63,mean_temp_quad,6890.3984
2015-01-04,64,mean_temp_quad,7008.4813
2015-01-04,65,mean_temp_quad,7121.7958
2015-01-04,66,mean_temp_quad,7244.4372
2015-01-04,67,mean_temp_quad,7446.2406
2015-01-04,68,mean_temp_quad,7570.7403
2015-01-04,69,mean_temp_quad,7689.8624
2015-01-04,70,mean_temp_quad,7709.5920
2015-01-04,71,mean_temp_quad,7869.7762
2015-01-04,72,mean_temp_quad,7931.9772
2015-01-04,73,mean_temp_quad,8106.6056
2015-01-04,74,mean_temp_quad,8141.3069
2015-01-04,75,mean_temp_quad,8100.5889
2015-01-04,76,mean_temp_quad,8028.3892
2015-01-04,77,mean_temp_quad,8028.3892
2015-01-04,78,mean_temp_quad,7902.8071
2015-01-04,79,mean_temp_quad,7887.2518
2015-01-04,80,mean_temp_quad,7858.3148
2015-01-04,81,mean_temp_quad,7871.0173
2015-01-04,82,mean_temp_quad,7871.0173
2015-01-04,83,mean_temp_quad,7865.3972
2015-01-04,84,mean_temp_quad,7865.3972
2015-01-04,85,mean_temp_quad,7837.9408
2015-01-04,86,mean_temp_quad,7805.2006
2015-01-04,87,mean_temp_quad,7707.3464
2015-01-04,88,mean_temp_quad,7570.0070
2015-01-04,89,mean_temp_quad,7480.1894
2015-01-04,90,mean_temp_quad,7241.3188
2015-01-04,91,mean_temp_quad,6808.4777
2015-01-04,92,mean_temp_quad,6560.6647
2015-01-04,93,mean_temp_quad,6296.1522
2015-01-04,94,mean_temp_quad,6056.1018
2015-01-04,95,mean_temp_quad,5821.6183
2015-01-05,0,mean_temp_quad,5558.2113
2015-01-05,1,mean_temp_quad,5349.1540
2015-01-05,2,mean_temp_quad,5312.3129
2015-01-05,3,mean_temp_quad,5041.0068
2015-01-05,4,mean_temp_quad,4976.8437
2015-01-05,5,mean_temp_quad,4805.6630
2015-01-05,6,mean_temp_quad,4608.9355
2015-01-05,7,mean_temp_quad,4497.6151
2015-01-05,8,mean_temp_quad,4371.3215
2015-01-05,9,mean_temp_quad,4334.8410
2015-01-05,10,mean_temp_quad,4251.8151
2015-01-05,11,mean_temp_quad,4208.6899
2015-01-05,12,mean_temp_quad,4186.1167
2015-01-05,13,mean_temp_quad,4149.4171
2015-01-05,14,mean_temp_quad,4149.4171
2015-01-05,15,mean_temp_quad,4149.4171
2015-01-05,16,mean_temp_quad,4137.4366
2015-01-05,17,mean_temp_quad,4084.2587
2015-01-05,18,mean_temp_quad,4143.1075
2015-01-05,19,mean_temp_quad,4143.1075
2015-01-05,20,mean_temp_quad,4143.1075
2015-01-05,21,mean_temp_quad,4149.4171
2015-01-05,22,mean_temp_quad,4164.2744
2015-01-05,23,mean_temp_quad,4186.1167
2015-01-05,24,mean_temp_quad,4234.8100
2015-01-05,25,mean_temp_quad,4405.2905
2015-01-05,26,mean_temp_quad,4517.0626
2015-01-05,27,mean_temp_quad,4924.7575
2015-01-05,28,mean_temp_quad,5180.6161
2015-01-05,29,mean_temp_quad,5455.1180
2015-01-05,30,mean_temp_quad,5781.8643
2015-01-05,31,mean_temp_quad,5937.4565
2015-01-05,32,mean_temp_quad,6191.9028
2015-01-05,33,mean_temp_quad,6707.2828
2015-01-05,34,mean_temp_quad,7128.7746
2015-01-05,35,mean_temp_quad,7452.9387
2015-01-05,36,mean_temp_quad,7614.7710
2015-01-05,37,mean_temp_quad,7630.7631
2015-01-05,38,mean_temp_quad,7806.3835
2015-01-05,39,mean_temp_quad,7929.5370
2015-01-05,40,mean_temp_quad,7966.1285
2015-01-05,41,mean_temp_quad,8057.6070
2015-01-05,42,mean_temp_quad,8148.5906
2015-01-05,43,mean_temp_quad,8191.1665
2015-01-05,44,mean_temp_quad,8191.1665
2015-01-05,45,mean_temp_quad,8228.3599
2015-01-05,46,mean_temp_quad,8222.5628
2015-01-05,47,mean_temp_quad,7968.5344
2015-01-05,48,mean_temp_quad,7713.8474
2015-01-05,49,mean_temp_quad,7335.5404
2015-01-05,50,mean_temp_quad,7162.5424
2015-01-05,51,mean_temp_quad,7026.4353
2015-01-05,52,mean_temp_quad,7018.9572
2015-01-05,53,mean_temp_quad,7087.4166
2015-01-05,54,mean_temp_quad,7325.0292
2015-01-05,55,mean_temp_quad,7557.3852
2015-01-05,56,mean_temp_quad,7561.1866
2015-01-05,57,mean_temp_quad,7672.8381
2015-01-05,58,mean_temp_quad,7678.4634
2015-01-05,59,mean_temp_quad,7639.2520
2015-01-05,60,mean_temp_quad,7639.2520
2015-01-05,61,mean_temp_quad,7690.3282
2015-01-05,62,mean_temp_quad,7737.1630
2015-01-05,63,mean_temp_quad,7747.1670
2015-01-05,64,mean_temp_quad,7746.9655
2015-01-05,65,mean_temp_quad,7803.1241
2015-01-05,66,mean_temp_quad,7936.3831
2015-01-05,67,mean_temp_quad,7936.3831
2015-01-05,68,mean_temp_quad,7996.2722
2015-01-05,69,mean_temp_quad,8093.4854
2015-01-05,70,mean_temp_quad,8144.9405
2015-01-05,71,mean_temp_quad,8281.8671
2015-01-05,72,mean_temp_quad,8340.2064
2015-01-05,73,mean_temp_quad,8446.2269
2015-01-05,74,mean_temp_quad,8446.2269
2015-01-05,75,mean_temp_quad,8480.0923
2015-01-05,76,mean_temp_quad,8437.1985
2015-01-05,77,mean_temp_quad,8387.4572
2015-01-05,78,mean_temp_quad,8376.2672
2015-01-05,79,mean_temp_quad,8376.2672
2015-01-05,80,mean_temp_quad,8349.5893
2015-01-05,81,mean_temp_quad,8337.8014
2015-01-05,82,mean_temp_quad,8337.8014
2015-01-05,83,mean_temp_quad,8317.9028
2015-01-05,84,mean_temp_quad,8317.9028
2015-01-05,85,mean_temp_quad,8273.1998
2015-01-05,86,mean_temp_quad,8232.8352
2015-01-05,87,mean_temp_quad,8082.8463
2015-01-05,88,mean_temp_quad,7825.4840
2015-01-05,89,mean_temp_quad,7739.7148
2015-01-05,90,mean_temp_quad,7657.7607
2015-01-05,91,mean_temp_quad,7572.7449
2015-01-05,92,mean_temp_quad,7139.8993
2015-01-05,93,mean_temp_quad,6756.3321
2015-01-05,94,mean_temp_quad,6418.6780
2015-01-05,95,mean_temp_quad,6140.4542
2015-01-06,0,mean_temp_quad,6158.3579
2015-01-06,1,mean_temp_quad,5950.4569
2015-01-06,2,mean_temp_quad,5629.1360
2015-01-06,3,mean_temp_quad,5424.7631
2015-01-06,4,mean_temp_quad,5361.7857
2015-01-06,5,mean_temp_quad,5145.7096
2015-01-06,6,mean_temp_quad,5098.0007
2015-01-06,7,mean_temp_quad,5017.4209
2015-01-06,8,mean_temp_quad,4728.2866
2015-01-06,9,mean_temp_quad,4584.5272
2015-01-06,10,mean_temp_quad,4575.8378
2015-01-06,11,mean_temp_quad,4483.3356
2015-01-06,12,mean_temp_quad,4491.3448
2015-01-06,13,mean_temp_quad,4488.4534
2015-01-06,14,mean_temp_quad,4469.0752
2015-01-06,15,mean_temp_quad,4433.4423
2015-01-06,16,mean_temp_quad,4392.8823
2015-01-06,17,mean_temp_quad,4392.8823
2015-01-06,18,mean_temp_quad,4392.8823
2015-01-06,19,mean_temp_quad,4392.8823
2015-01-06,20,mean_temp_quad,4392.8823
2015-01-06,21,mean_temp_quad,4383.8008
2015-01-06,22,mean_temp_quad,4433.4423
2015-01-06,23,mean_temp_quad,4463.9429
2015-01-06,24,mean_temp_quad,4459.0021
2015-01-06,25,mean_temp_quad,4701.0132
2015-01-06,26,mean_temp_quad,4919.6097
2015-01-06,27,mean_temp_quad,5072.8003
2015-01-06,28,mean_temp_quad,5351.7050
2015-01-06,29,mean_temp_quad,5607.2391
2015-01-06,30,mean_temp_quad,5915.0305
2015-01-06,31,mean_temp_quad,6066.8565
2015-01-06,32,mean_temp_quad,6286.3618
2015-01-06,33,mean_temp_quad,6950.8314
2015-01-06,34,mean_temp_quad,7235.6019
2015-01-06,35,mean_temp_quad,7365.9812
2015-01-06,36,mean_temp_quad,7574.7368
2015-01-06,37,mean_temp_quad,7706.9534
2015-01-06,38,mean_temp_quad,7793.0308
2015-01-06,39,mean_temp_quad,7976.9695
2015-01-06,40,mean_temp_quad,8009.3325
2015-01-06,41,mean_temp_quad,8101.3435
2015-01-06,42,mean_temp_quad,8121.3284
2015-01-06,43,mean_temp_quad,8136.3637
2015-01-06,44,mean_temp_quad,8224.9538
2015-01-06,45,mean_temp_quad,8295.5925
2015-01-06,46,mean_temp_quad,8275.2626
2015-01-06,47,mean_temp_quad,8004.0596
2015-01-06,48,mean_temp_quad,7652.5761
2015-01-06,49,mean_temp_quad,7261.6868
2015-01-06,50,mean_temp_quad,7205.3393
2015-01-06,51,mean_temp_quad,7088.5193
2015-01-06,52,mean_temp_quad,7027.7377
2015-01-06,53,mean_temp_quad,7102.1530
2015-01-06,54,mean_temp_quad,7244.0799
2015-01-06,55,mean_temp_quad,7517.2604
2015-01-06,56,mean_temp_quad,7610.5975
2015-01-06,57,mean_temp_quad,7656.8844
2015-01-06,58,mean_temp_quad,7656.8844
2015-01-06,59,mean_temp_quad,7659.2611
2015-01-06,60,mean_temp_quad,7706.0960
2015-01-06,61,mean_temp_quad,7705.0590
2015-01-06,62,mean_temp_quad,7705.0590
2015-01-06,63,mean_temp_quad,7746.1232
2015-01-06,64,mean_temp_quad,7761.6721
2015-01-06,65,mean_temp_quad,7878.3455
2015-01-06,66,mean_temp_quad,7947.9564
2015-01-06,67,mean_temp_quad,7982.3716
2015-01-06,68,mean_temp_quad,7975.7166
2015-01-06,69,mean_temp_quad,8223.2490
2015-01-06,70,mean_temp_quad,8204.0505
2015-01-06,71,mean_temp_quad,8307.6978
2015-01-06,72,mean_temp_quad,8255.5413
2015-01-06,73,mean_temp_quad,8342.6293
2015-01-06,74,mean_temp_quad,8324.3190
2015-01-06,75,mean_temp_quad,8427.8541
2015-01-06,76,mean_temp_quad,8522.7988
2015-01-06,77,mean_temp_quad,8318.1220
2015-01-06,78,mean_temp_quad,8454.7467
2015-01-06,79,mean_temp_quad,8448.9496
2015-01-06,80,mean_temp_quad,8416.3680
2015-01-06,81,mean_temp_quad,8404.5801
2015-01-06,82,mean_temp_quad,8404.5801
2015-01-06,83,mean_temp_quad,8373.2445
2015-01-06,84,mean_temp_quad,8373.2445
2015-01-06,85,mean_temp_quad,8350.7243
2015-01-06,86,mean_temp_quad,8322.7018
2015-01-06,87,mean_temp_quad,8045.5432
2015-01-06,88,mean_temp_quad,7932.7253
2015-01-06,89,mean_temp_quad,7723.4857
2015-01-06,90,mean_temp_quad,7655.9997
2015-01-06,91,mean_temp_quad,7448.6406
2015-01-06,92,mean_temp_quad,7121.1568
2015-01-06,93,mean_temp_quad,6861.9017
2015-01-06,94,mean_temp_quad,6441.6041
2015-01-06,95,mean_temp_quad,6276.3904
2015-01-07,0,mean_temp_quad,6126.8591
2015-01-07,1,mean_temp_quad,5798.9249
2015-01-07,2,mean_temp_quad,5624.6442
2015-01-07,3,mean_temp_quad,5533.1854
2015-01-07,4,mean_temp_quad,5266.3565
2015-01-07,5,mean_temp_quad,5204.1703
2015-01-07,6,mean_temp_quad,5090.0272
2015-01-07,7,mean_temp_quad,4874.8960
2015-01-07,8,mean_temp_quad,4786.1273
2015-01-07,9,mean_temp_quad,4595.2071
2015-01-07,10,mean_temp_quad,4584.9480
2015-01-07,11,mean_temp_quad,4564.7731
2015-01-07,12,mean_temp_quad,4509.9974
2015-01-07,13,mean_temp_quad,4499.0125
2015-01-07,14,mean_temp_quad,4472.1562
2015-01-07,15,mean_temp_quad,4401.0245
2015-01-07,16,mean_temp_quad,4395.2486
2015-01-07,17,mean_temp_quad,4395.2486
2015-01-07,18,mean_temp_quad,4402.7267
2015-01-07,19,mean_temp_quad,4395.2486
2015-01-07,20,mean_temp_quad,4395.2486
2015-01-07,21,mean_temp_quad,4402.7267
2015-01-07,22,mean_temp_quad,4472.1562
2015-01-07,23,mean_temp_quad,4472.5082
2015-01-07,24,mean_temp_quad,4517.4755
2015-01-07,25,mean_temp_quad,4608.2386
2015-01-07,26,mean_temp_quad,4815.1709
2015-01-07,27,mean_temp_quad,5164.5255
2015-01-07,28,mean_temp_quad,5279.9018
2015-01-07,29,mean_temp_quad,5602.2287
2015-01-07,30,mean_temp_quad,5734.2281
2015-01-07,31,mean_temp_quad,6042.4879
2015-01-07,32,mean_temp_quad,6380.1144
2015-01-07,33,mean_temp_quad,6896.3120
2015-01-07,34,mean_temp_quad,7175.3839
2015-01-07,35,mean_temp_quad,7425.9676
2015-01-07,36,mean_temp_quad,7642.6789
2015-01-07,37,mean_temp_quad,7805.1587
2015-01-07,38,mean_temp_quad,7851.4178
2015-01-07,39,mean_temp_quad,7997.1418
2015-01-07,40,mean_temp_quad,8138.5625
2015-01-07,41,mean_temp_quad,8114.8170
2015-01-07,42,mean_temp_quad,8155.5204
2015-01-07,43,mean_temp_quad,8171.5086
2015-01-07,44,mean_temp_quad,8196.5042
2015-01-07,45,mean_temp_quad,8310.2089
2015-01-07,46,mean_temp_quad,8310.2089
2015-01-07,47,mean_temp_quad,8145.0284
2015-01-07,48,mean_temp_quad,7714.3162
2015-01-07,49,mean_temp_quad,7261.0408
2015-01-07,50,mean_temp_quad,7188.2082
2015-01-07,51,mean_temp_quad,7095.3284
2015-01-07,52,mean_temp_quad,7097.9985
2015-01-07,53,mean_temp_quad,7137.3063
2015-01-07,54,mean_temp_quad,7317.3465
2015-01-07,55,mean_temp_quad,7490.2152
2015-01-07,56,mean_temp_quad,7477.4235
2015-01-07,57,mean_temp_quad,7602.4327
2015-01-07,58,mean_temp_quad,7591.9076
2015-01-07,59,mean_temp_quad,7574.2725
2015-01-07,60,mean_temp_quad,7518.9355
2015-01-07,61,mean_temp_quad,7547.5852
2015-01-07,62,mean_temp_quad,7547.5852
2015-01-07,63,mean_temp_quad,7577.2971
2015-01-07,64,mean_temp_quad,7597.3514
2015-01-07,65,mean_temp_quad,7714.0917
2015-01-07,66,mean_temp_quad,7709.1346
2015-01-07,67,mean_temp_quad,7811.1820
2015-01-07,68,mean_temp_quad,7941.1031
2015-01-07,69,mean_temp_quad,7888.9367
2015-01-07,70,mean_temp_quad,8036.2644
2015-01-07,71,mean_temp_quad,8107.9473
2015-01-07,72,mean_temp_quad,8269.4012
2015-01-07,73,mean_temp_quad,8310.3426
2015-01-07,74,mean_temp_quad,8437.9841
2015-01-07,75,mean_temp_quad,8406.8898
2015-01-07,76,mean_temp_quad,8406.8898
2015-01-07,77,mean_temp_quad,8425.2670
2015-01-07,78,mean_temp_quad,8530.1724
2015-01-07,79,mean_temp_quad,8467.7090
2015-01-07,80,mean_temp_quad,8502.9339
2015-01-07,81,mean_temp_quad,8379.1220
2015-01-07,82,mean_temp_quad,8474.4732
2015-01-07,83,mean_temp_quad,8429.3602
2015-01-07,84,mean_temp_quad,8363.6338
2015-01-07,85,mean_temp_quad,8315.0577
2015-01-07,86,mean_temp_quad,8219.5675
2015-01-07,87,mean_temp_quad,8243.7062
2015-01-07,88,mean_temp_quad,8168.0395
2015-01-07,89,mean_temp_quad,7800.4339
2015-01-07,90,mean_temp_quad,7708.8517
2015-01-07,91,mean_temp_quad,7238.4982
2015-01-07,92,mean_temp_quad,6948.4490
2015-01-07,93,mean_temp_quad,6596.6757
2015-01-07,94,mean_temp_quad,6444.9934
2015-01-07,95,mean_temp_quad,6268.7711
2015-01-08,0,mean_temp_quad,5876.3729
2015-01-08,1,mean_temp_quad,5716.3936
2015-01-08,2,mean_temp_quad,5632.3361
2015-01-08,3,mean_temp_quad,5379.5569
2015-01-08,4,mean_temp_quad,5239.7408
2015-01-08,5,mean_temp_quad,4993.1656
2015-01-08,6,mean_temp_quad,4878.8376
2015-01-08,7,mean_temp_quad,4774.5206
2015-01-08,8,mean_temp_quad,4676.9541
2015-01-08,9,mean_temp_quad,4572.4162
2015-01-08,10,mean_temp_quad,4505.0223
2015-01-08,11,mean_temp_quad,4423.3286
2015-01-08,12,mean_temp_quad,4320.7020
2015-01-08,13,mean_temp_quad,4247.4822
2015-01-08,14,mean_temp_quad,4195.1130
2015-01-08,15,mean_temp_quad,4081.8455
2015-01-08,16,mean_temp_quad,4081.8455
2015-01-08,17,mean_temp_quad,4110.6699
2015-01-08,18,mean_temp_quad,4110.6699
2015-01-08,19,mean_temp_quad,4110.6699
2015-01-08,20,mean_temp_quad,4156.4144
2015-01-08,21,mean_temp_quad,4195.5987
2015-01-08,22,mean_temp_quad,4190.0661
2015-01-08,23,mean_temp_quad,4360.0534
2015-01-08,24,mean_temp_quad,4379.4316
2015-01-08,25,mean_temp_quad,4679.7779
2015-01-08,26,mean_temp_quad,4893.6944
2015-01-08,27,mean_temp_quad,5049.5175
2015-01-08,28,mean_temp_quad,5131.4370
2015-01-08,29,mean_temp_quad,5442.6901
2015-01-08,30,mean_temp_quad,5736.6738
2015-01-08,31,mean_temp_quad,5877.2996
2015-01-08,32,mean_temp_quad,5972.4891
2015-01-08,33,mean_temp_quad,6104.6343
2015-01-08,34,mean_temp_quad,7113.2302
2015-01-08,35,mean_temp_quad,7862.8290
2015-01-08,36,mean_temp_quad,7874.7166
2015-01-08,37,mean_temp_quad,8153.7887
2015-01-08,38,mean_temp_quad,8232.2104
2015-01-08,39,mean_temp_quad,8311.0217
2015-01-08,40,mean_temp_quad,8549.7910
2015-01-08,41,mean_temp_quad,8508.8562
2015-01-08,42,mean_temp_quad,8434.3043
2015-01-08,43,mean_temp_quad,8620.9585
2015-01-08,44,mean_temp_quad,8615.1379
2015-01-08,45,mean_temp_quad,8685.5214
2015-01-08,46,mean_temp_quad,8591.3242
2015-01-08,47,mean_temp_quad,8517.5560
2015-01-08,48,mean_temp_quad,7892.9859
2015-01-08,49,mean_temp_quad,6978.5421
2015-01-08,50,mean_temp_quad,6979.5119
2015-01-08,51,mean_temp_quad,7215.7713
2015-01-08,52,mean_temp_quad,7253.3651
2015-01-08,53,mean_temp_quad,7271.3766
2015-01-08,54,mean_temp_quad,7386.6284
2015-01-08,55,mean_temp_quad,8173.4654
2015-01-08,56,mean_temp_quad,8173.4654
2015-01-08,57,mean_temp_quad,8192.5894
2015-01-08,58,mean_temp_quad,8183.8193
2015-01-08,59,mean_temp_quad,8123.6103
2015-01-08,60,mean_temp_quad,8123.6103
2015-01-08,61,mean_temp_quad,8083.3891
2015-01-08,62,mean_temp_quad,8022.0758
2015-01-08,63,mean_temp_quad,8107.6475
2015-01-08,64,mean_temp_quad,8237.4515
2015-01-08,65,mean_temp_quad,8265.9390
2015-01-08,66,mean_temp_quad,8324.2450
2015-01-08,67,mean_temp_quad,8496.3581
2015-01-08,68,mean_temp_quad,8540.6125
2015-01-08,69,mean_temp_quad,8666.1816
2015-01-08,70,mean_temp_quad,8724.0813
2015-01-08,71,mean_temp_quad,8447.2407
2015-01-08,72,mean_temp_quad,8476.7013
2015-01-08,73,mean_temp_quad,8527.1368
2015-01-08,74,mean_temp_quad,8527.1368
2015-01-08,75,mean_temp_quad,8527.1368
2015-01-08,76,mean_temp_quad,8527.1368
2015-01-08,77,mean_temp_quad,8441.4090
2015-01-08,78,mean_temp_quad,8535.8607
2015-01-08,79,mean_temp_quad,8426.3788
2015-01-08,80,mean_temp_quad,8570.0317
2015-01-08,81,mean_temp_quad,8467.8822
2015-01-08,82,mean_temp_quad,8467.8822
2015-01-08,83,mean_temp_quad,8338.3822
2015-01-08,84,mean_temp_quad,8334.8591
2015-01-08,85,mean_temp_quad,8307.6528
2015-01-08,86,mean_temp_quad,8313.4175
2015-01-08,87,mean_temp_quad,8244.1094
2015-01-08,88,mean_temp_quad,8149.6895
2015-01-08,89,mean_temp_quad,8048.4287
2015-01-08,90,mean_temp_quad,7765.4373
2015-01-08,91,mean_temp_quad,7154.2729
2015-01-08,92,mean_temp_quad,6622.0966
2015-01-08,93,mean_temp_quad,6508.6881
2015-01-08,94,mean_temp_quad,6407.5973
2015-01-08,95,mean_temp_quad,6434.3348
2015-01-09,0,mean_temp_quad,6021.2427
2015-01-09,1,mean_temp_quad,5832.8082
2015-01-09,2,mean_temp_quad,5603.8602
2015-01-09,3,mean_temp_quad,5292.7975
2015-01-09,4,mean_temp_quad,5241.8062
2015-01-09,5,mean_temp_quad,5163.4752
2015-01-09,6,mean_temp_quad,4995.2951
2015-01-09,7,mean_temp_quad,4933.1394
2015-01-09,8,mean_temp_quad,4919.5235
2015-01-09,9,mean_temp_quad,4799.7622
2015-01-09,10,mean_temp_quad,4683.7493
2015-01-09,11,mean_temp_quad,4607.6763
2015-01-09,12,mean_temp_quad,4565.0433
2015-01-09,13,mean_temp_quad,4432.5490
2015-01-09,14,mean_temp_quad,4432.5490
2015-01-09,15,mean_temp_quad,4161.4474
2015-01-09,16,mean_temp_quad,4161.4474
2015-01-09,17,mean_temp_quad,4161.4474
2015-01-09,18,mean_temp_quad,4161.4474
2015-01-09,19,mean_temp_quad,4161.4474
2015-01-09,20,mean_temp_quad,4122.7438
2015-01-09,21,mean_temp_quad,4418.0314
2015-01-09,22,mean_temp_quad,4418.0314
2015-01-09,23,mean_temp_quad,4545.6651
2015-01-09,24,mean_temp_quad,4576.6334
2015-01-09,25,mean_temp_quad,4753.0768
2015-01-09,26,mean_temp_quad,4995.2445
2015-01-09,27,mean_temp_quad,5043.2591
2015-01-09,28,mean_temp_quad,5139.1821
2015-01-09,29,mean_temp_quad,5432.6733
2015-01-09,30,mean_temp_quad,5744.4189
2015-01-09,31,mean_temp_quad,5901.8333
2015-01-09,32,mean_temp_quad,6095.5502
2015-01-09,33,mean_temp_quad,6378.8305
2015-01-09,34,mean_temp_quad,6644.0231
2015-01-09,35,mean_temp_quad,7368.9947
2015-01-09,36,mean_temp_quad,7786.3439
2015-01-09,37,mean_temp_quad,7893.1490
2015-01-09,38,mean_temp_quad,7987.0307
2015-01-09,39,mean_temp_quad,8112.5714
2015-01-09,40,mean_temp_quad,8116.1127
2015-01-09,41,mean_temp_quad,8154.3657
2015-01-09,42,mean_temp_quad,8261.8336
2015-01-09,43,mean_temp_quad,8349.1144
2015-01-09,44,mean_temp_quad,8264.9446
2015-01-09,45,mean_temp_quad,8165.8088
2015-01-09,46,mean_temp_quad,8334.9944
2015-01-09,47,mean_temp_quad,8133.6885
2015-01-09,48,mean_temp_quad,7995.8546
2015-01-09,49,mean_temp_quad,7675.3564
2015-01-09,50,mean_temp_quad,7422.5003
2015-01-09,51,mean_temp_quad,7322.8902
2015-01-09,52,mean_temp_quad,7188.0558
2015-01-09,53,mean_temp_quad,7222.1380
2015-01-09,54,mean_temp_quad,7623.6732
2015-01-09,55,mean_temp_quad,7797.4941
2015-01-09,56,mean_temp_quad,7744.4905
2015-01-09,57,mean_temp_quad,8000.7175
2015-01-09,58,mean_temp_quad,7991.9475
2015-01-09,59,mean_temp_quad,7854.9252
2015-01-09,60,mean_temp_quad,7868.7736
2015-01-09,61,mean_temp_quad,7837.7644
2015-01-09,62,mean_temp_quad,7882.3436
2015-01-09,63,mean_temp_quad,7808.8891
2015-01-09,64,mean_temp_quad,7920.0555
2015-01-09,65,mean_temp_quad,7970.8586
2015-01-09,66,mean_temp_quad,8075.1230
2015-01-09,67,mean_temp_quad,8074.7449
2015-01-09,68,mean_temp_quad,8153.5682
2015-01-09,69,mean_temp_quad,8346.5257
2015-01-09,70,mean_temp_quad,8451.2129
2015-01-09,71,mean_temp_quad,8400.1746
2015-01-09,72,mean_temp_quad,8431.1413
2015-01-09,73,mean_temp_quad,8540.4797
2015-01-09,74,mean_temp_quad,8447.9183
2015-01-09,75,mean_temp_quad,8428.7198
2015-01-09,76,mean_temp_quad,8458.5699
2015-01-09,77,mean_temp_quad,8424.7045
2015-01-09,78,mean_temp_quad,8327.7319
2015-01-09,79,mean_temp_quad,8538.9076
2015-01-09,80,mean_temp_quad,8327.1080
2015-01-09,81,mean_temp_quad,8353.5678
2015-01-09,82,mean_temp_quad,8350.5701
2015-01-09,83,mean_temp_quad,8247.9696
2015-01-09,84,mean_temp_quad,8288.6947
2015-01-09,85,mean_temp_quad,8237.8419
2015-01-09,86,mean_temp_quad,8225.2730
2015-01-09,87,mean_temp_quad,8266.3013
2015-01-09,88,mean_temp_quad,8032.7645
2015-01-09,89,mean_temp_quad,7910.2506
2015-01-09,90,mean_temp_quad,7875.4932
2015-01-09,91,mean_temp_quad,7694.9332
2015-01-09,92,mean_temp_quad,7353.1266
2015-01-09,93,mean_temp_quad,6977.2945
2015-01-09,94,mean_temp_quad,6692.7713
2015-01-09,95,mean_temp_quad,6410.3061
2015-01-10,0,mean_temp_quad,5851.3940
2015-01-10,1,mean_temp_quad,5682.8928
2015-01-10,2,mean_temp_quad,5496.0508
2015-01-10,3,mean_temp_quad,5047.7876
2015-01-10,4,mean_temp_quad,5016.0951
2015-01-10,5,mean_temp_quad,4847.7126
2015-01-10,6,mean_temp_quad,4735.1655
2015-01-10,7,mean_temp_quad,4644.4564
2015-01-10,8,mean_temp_quad,4566.3731
2015-01-10,9,mean_temp_quad,4457.7159
2015-01-10,10,mean_temp_quad,4324.6959
2015-01-10,11,mean_temp_quad,4214.6980
2015-01-10,12,mean_temp_quad,4122.7731
2015-01-10,13,mean_temp_quad,4010.6823
2015-01-10,14,mean_temp_quad,3949.9366
2015-01-10,15,mean_temp_quad,3949.9366
2015-01-10,16,mean_temp_quad,3897.4148
2015-01-10,17,mean_temp_quad,3915.7256
2015-01-10,18,mean_temp_quad,3916.5764
2015-01-10,19,mean_temp_quad,3916.5764
2015-01-10,20,mean_temp_quad,3879.7969
2015-01-10,21,mean_temp_quad,3897.4148
2015-01-10,22,mean_temp_quad,3949.9366
2015-01-10,23,mean_temp_quad,4010.6823
2015-01-10,24,mean_temp_quad,4053.9701
2015-01-10,25,mean_temp_quad,4257.9098
2015-01-10,26,mean_temp_quad,4385.0208
2015-01-10,27,mean_temp_quad,4518.0291
2015-01-10,28,mean_temp_quad,4685.1239
2015-01-10,29,mean_temp_quad,4805.2009
2015-01-10,30,mean_temp_quad,4938.3728
2015-01-10,31,mean_temp_quad,5357.5176
2015-01-10,32,mean_temp_quad,5683.6685
2015-01-10,33,mean_temp_quad,6175.1152
2015-01-10,34,mean_temp_quad,6413.2544
2015-01-10,35,mean_temp_quad,6759.3753
2015-01-10,36,mean_temp_quad,6956.2679
2015-01-10,37,mean_temp_quad,7202.3718
2015-01-10,38,mean_temp_quad,7297.0485
2015-01-10,39,mean_temp_quad,7434.6409
2015-01-10,40,mean_temp_quad,7573.8422
2015-01-10,41,mean_temp_quad,7608.1207
2015-01-10,42,mean_temp_quad,7731.0876
2015-01-10,43,mean_temp_quad,7763.6164
2015-01-10,44,mean_temp_quad,7800.0265
2015-01-10,45,mean_temp_quad,7820.3334
2015-01-10,46,mean_temp_quad,7873.8095
2015-01-10,47,mean_temp_quad,7746.8390
2015-01-10,48,mean_temp_quad,7286.7711
2015-01-10,49,mean_temp_quad,7020.6742
2015-01-10,50,mean_temp_quad,6865.4664
2015-01-10,51,mean_temp_quad,6771.6946
2015-01-10,52,mean_temp_quad,6688.7589
2015-01-10,53,mean_temp_quad,6771.6946
2015-01-10,54,mean_temp_quad,6978.1451
2015-01-10,55,mean_temp_quad,7203.2624
2015-01-10,56,mean_temp_quad,7205.8607
2015-01-10,57,mean_temp_quad,7196.7147
2015-01-10,58,mean_temp_quad,7194.1164
2015-01-10,59,mean_temp_quad,7149.4581
2015-01-10,60,mean_temp_quad,7167.5405
2015-01-10,61,mean_temp_quad,7223.0128
2015-01-10,62,mean_temp_quad,7250.6544
2015-01-10,63,mean_temp_quad,7259.7178
2015-01-10,64,mean_temp_quad,7304.2019
2015-01-10,65,mean_temp_quad,7348.5061
2015-01-10,66,mean_temp_quad,7352.5312
2015-01-10,67,mean_temp_quad,7555.8952
2015-01-10,68,mean_temp_quad,7690.6187
2015-01-10,69,mean_temp_quad,7822.8727
2015-01-10,70,mean_temp_quad,7797.9238
2015-01-10,71,mean_temp_quad,8034.0902
2015-01-10,72,mean_temp_quad,8057.2235
2015-01-10,73,mean_temp_quad,8210.4909
2015-01-10,74,mean_temp_quad,8236.8678
2015-01-10,75,mean_temp_quad,8236.8678
2015-01-10,76,mean_temp_quad,8206.1921
2015-01-10,77,mean_temp_quad,8223.1131
2015-01-10,78,mean_temp_quad,8194.7578
2015-01-10,79,mean_temp_quad,8149.0257
2015-01-10,80,mean_temp_quad,8103.9019
2015-01-10,81,mean_temp_quad,8090.3034
2015-01-10,82,mean_temp_quad,8103.6967
2015-01-10,83,mean_temp_quad,8100.1585
2015-01-10,84,mean_temp_quad,8102.9955
2015-01-10,85,mean_temp_quad,8010.2563
2015-01-10,86,mean_temp_quad,7982.5664
2015-01-10,87,mean_temp_quad,7726.6291
2015-01-10,88,mean_temp_quad,7694.0708
2015-01-10,89,mean_temp_quad,7436.4012
2015-01-10,90,mean_temp_quad,7243.6393
2015-01-10,91,mean_temp_quad,7099.2946
2015-01-10,92,mean_temp_quad,6895.1813
2015-01-10,93,mean_temp_quad,6572.2357
2015-01-10,94,mean_temp_quad,6290.4587
2015-01-10,95,mean_temp_quad,6214.4125
2015-01-04,0,mean_temp_quad_hr,5971.1060
2015-01-04,1,mean_temp_quad_hr,5889.7103
2015-01-04,2,mean_temp_quad_hr,5554.9294
2015-01-04,3,mean_temp_quad_hr,5339.2419
2015-01-04,4,mean_temp_quad_hr,5226.3358
2015-01-04,5,mean_temp_quad_hr,4902.3202
2015-01-04,6,mean_temp_quad_hr,4867.7086
2015-01-04,7,mean_temp_quad_hr,4623.1393
2015-01-04,8,mean_temp_quad_hr,4603.9804
2015-01-04,9,mean_temp_quad_hr,4427.7616
2015-01-04,10,mean_temp_quad_hr,4342.7301
2015-01-04,11,mean_temp_quad_hr,4350.7871
2015-01-04,12,mean_temp_quad_hr,4346.7273
2015-01-04,13,mean_temp_quad_hr,4271.1017
2015-01-04,14,mean_temp_quad_hr,4254.4499
2015-01-04,15,mean_temp_quad_hr,4233.6666
2015-01-04,16,mean_temp_quad_hr,4174.0175
2015-01-04,17,mean_temp_quad_hr,4217.8165
2015-01-04,18,mean_temp_quad_hr,4148.7821
2015-01-04,19,mean_temp_quad_hr,4133.1299
2015-01-04,20,mean_temp_quad_hr,4148.7821
2015-01-04,21,mean_temp_quad_hr,4148.7821
2015-01-04,22,mean_temp_quad_hr,4217.8165
2015-01-04,23,mean_temp_quad_hr,4231.6511
2015-01-04,24,mean_temp_quad_hr,4256.6469
2015-01-04,25,mean_temp_quad_hr,4286.7475
2015-01-04,26,mean_temp_quad_hr,4361.2927
2015-01-04,27,mean_temp_quad_hr,4446.8906
2015-01-04,28,mean_temp_quad_hr,4523.6079
2015-01-04,29,mean_temp_quad_hr,4861.7782
2015-01-04,30,mean_temp_quad_hr,4932.9547
2015-01-04,31,mean_temp_quad_hr,5172.5758
2015-01-04,32,mean_temp_quad_hr,5427.9733
2015-01-04,33,mean_temp_quad_hr,6039.7094
2015-01-04,34,mean_temp_quad_hr,6231.0812
2015-01-04,35,mean_temp_quad_hr,6440.4461
2015-01-04,36,mean_temp_quad_hr,6597.5312
2015-01-04,37,mean_temp_quad_hr,6830.2055
2015-01-04,38,mean_temp_quad_hr,6983.7612
2015-01-04,39,mean_temp_quad_hr,7178.8859
2015-01-04,40,mean_temp_quad_hr,7427.2266
2015-01-04,41,mean_temp_quad_hr,7565.2698
2015-01-04,42,mean_temp_quad_hr,7599.8687
2015-01-04,43,mean_temp_quad_hr,7618.2343
2015-01-04,44,mean_temp_quad_hr,7624.7583
2015-01-04,45,mean_temp_quad_hr,7683.2615
2015-01-04,46,mean_temp_quad_hr,7609.3551
2015-01-04,47,mean_temp_quad_hr,7610.6911
2015-01-04,48,mean_temp_quad_hr,7368.4807
2015-01-04,49,mean_temp_quad_hr,6845.7372
2015-01-04,50,mean_temp_quad_hr,6749.1727
2015-01-04,51,mean_temp_quad_hr,6706.7515
2015-01-04,52,mean_temp_quad_hr,6575.4032
2015-01-04,53,mean_temp_quad_hr,6611.2047
2015-01-04,54,mean_temp_quad_hr,6747.9618
2015-01-04,55,mean_temp_quad_hr,6888.7358
2015-01-04,56,mean_temp_quad_hr,6898.6042
2015-01-04,57,mean_temp_quad_hr,6917.8207
2015-01-04,58,mean_temp_quad_hr,6998.6995
2015-01-04,59,mean_temp_quad_hr,6788.2047
2015-01-04,60,mean_temp_quad_hr,6826.7033
2015-01-04,61,mean_temp_quad_hr,6883.8570
2015-01-04,62,mean_temp_quad_hr,6972.3208
2015-01-04,63,mean_temp_quad_hr,7069.7867
2015-01-04,64,mean_temp_quad_hr,7169.7787
2015-01-04,65,mean_temp_quad_hr,7305.8270
2015-01-04,66,mean_temp_quad_hr,7374.7541
2015-01-04,67,mean_temp_quad_hr,7583.6154
2015-01-04,68,mean_temp_quad_hr,7617.9211
2015-01-04,69,mean_temp_quad_hr,7710.9958
2015-01-04,70,mean_temp_quad_hr,7691.5153
2015-01-04,71,mean_temp_quad_hr,7785.6612
2015-01-04,72,mean_temp_quad_hr,7899.4254
2015-01-04,73,mean_temp_quad_hr,8124.7898
2015-01-04,74,mean_temp_quad_hr,8193.9654
2015-01-04,75,mean_temp_quad_hr,8133.1040
2015-01-04,76,mean_temp_quad_hr,8075.1413
2015-01-04,77,mean_temp_quad_hr,8075.1413
2015-01-04,78,mean_temp_quad_hr,7945.5679
2015-01-04,79,mean_temp_quad_hr,7889.6042
2015-01-04,80,mean_temp_quad_hr,7851.4089
2015-01-04,81,mean_temp_quad_hr,7854.8762
2015-01-04,82,mean_temp_quad_hr,7848.5546
2015-01-04,83,mean_temp_quad_hr,7848.5546
2015-01-04,84,mean_temp_quad_hr,7848.5546
2015-01-04,85,mean_temp_quad_hr,7840.1077
2015-01-04,86,mean_temp_quad_hr,7817.4610
2015-01-04,87,mean_temp_quad_hr,7709.7235
2015-01-04,88,mean_temp_quad_hr,7637.7713
2015-01-04,89,mean_temp_quad_hr,7615.7183
2015-01-04,90,mean_temp_quad_hr,7395.7641
2015-01-04,91,mean_temp_quad_hr,6938.6510
2015-01-04,92,mean_temp_quad_hr,6606.9071
2015-01-04,93,mean_temp_quad_hr,6305.2122
2015-01-04,94,mean_temp_quad_hr,6089.3694
2015-01-04,95,mean_temp_quad_hr,5911.3757
2015-01-05,0,mean_temp_quad_hr,5422.1400
2015-01-05,1,mean_temp_quad_hr,5245.7342
2015-01-05,2,mean_temp_quad_hr,5186.8144
2015-01-05,3,mean_temp_quad_hr,4948.9682
2015-01-05,4,mean_temp_quad_hr,4898.7512
2015-01-05,5,mean_temp_quad_hr,4733.0553
2015-01-05,6,mean_temp_quad_hr,4567.6511
2015-01-05,7,mean_temp_quad_hr,4448.7285
2015-01-05,8,mean_temp_quad_hr,4331.6788
2015-01-05,9,mean_temp_quad_hr,4303.8088
2015-01-05,10,mean_temp_quad_hr,4210.9512
2015-01-05,11,mean_temp_quad_hr,4183.2729
2015-01-05,12,mean_temp_quad_hr,4168.2712
2015-01-05,13,mean_temp_quad_hr,4071.7713
2015-01-05,14,mean_temp_quad_hr,4071.7713
2015-01-05,15,mean_temp_quad_hr,4071.7713
2015-01-05,16,mean_temp_quad_hr,4066.1400
2015-01-05,17,mean_temp_quad_hr,4018.0745
2015-01-05,18,mean_temp_quad_hr,4064.1245
2015-01-05,19,mean_temp_quad_hr,4064.1245
2015-01-05,20,mean_temp_quad_hr,4064.1245
2015-01-05,21,mean_temp_quad_hr,4069.7558
2015-01-05,22,mean_temp_quad_hr,4097.9813
2015-01-05,23,mean_temp_quad_hr,4170.3058
2015-01-05,24,mean_temp_quad_hr,4227.6056
2015-01-05,25,mean_temp_quad_hr,4384.0646
2015-01-05,26,mean_temp_quad_hr,4509.5558
2015-01-05,27,mean_temp_quad_hr,4799.5820
2015-01-05,28,mean_temp_quad_hr,5086.6820
2015-01-05,29,mean_temp_quad_hr,5308.7864
2015-01-05,30,mean_temp_quad_hr,5731.9303
2015-01-05,31,mean_temp_quad_hr,5870.1702
2015-01-05,32,mean_temp_quad_hr,6208.0730
2015-01-05,33,mean_temp_quad_hr,6835.2474
2015-01-05,34,mean_temp_quad_hr,7222.3405
2015-01-05,35,mean_temp_quad_hr,7502.7189
2015-01-05,36,mean_temp_quad_hr,7558.7859
2015-01-05,37,mean_temp_quad_hr,7526.8415
2015-01-05,38,mean_temp_quad_hr,7716.9497
2015-01-05,39,mean_temp_quad_hr,7837.3033
2015-01-05,40,mean_temp_quad_hr,7845.7449
2015-01-05,41,mean_temp_quad_hr,8092.4850
2015-01-05,42,mean_temp_quad_hr,8143.2188
2015-01-05,43,mean_temp_quad_hr,8161.1248
2015-01-05,44,mean_temp_quad_hr,8161.1248
2015-01-05,45,mean_temp_quad_hr,8188.3065
2015-01-05,46,mean_temp_quad_hr,8188.3065
2015-01-05,47,mean_temp_quad_hr,7884.8272
2015-01-05,48,mean_temp_quad_hr,7619.5367
2015-01-05,49,mean_temp_quad_hr,7342.6179
2015-01-05,50,mean_temp_quad_hr,7194.3901
2015-01-05,51,mean_temp_quad_hr,7040.8580
2015-01-05,52,mean_temp_quad_hr,7027.7606
2015-01-05,53,mean_temp_quad_hr,7161.2422
2015-01-05,54,mean_temp_quad_hr,7325.4515
2015-01-05,55,mean_temp_quad_hr,7535.0563
2015-01-05,56,mean_temp_quad_hr,7544.6286
2015-01-05,57,mean_temp_quad_hr,7549.1405
2015-01-05,58,mean_temp_quad_hr,7581.0085
2015-01-05,59,mean_temp_quad_hr,7559.4208
2015-01-05,60,mean_temp_quad_hr,7559.4208
2015-01-05,61,mean_temp_quad_hr,7585.1698
2015-01-05,62,mean_temp_quad_hr,7572.8248
2015-01-05,63,mean_temp_quad_hr,7587.3066
2015-01-05,64,mean_temp_quad_hr,7578.3242
2015-01-05,65,mean_temp_quad_hr,7672.7212
2015-01-05,66,mean_temp_quad_hr,7829.4060
2015-01-05,67,mean_temp_quad_hr,7829.3334
2015-01-05,68,mean_temp_quad_hr,7870.9972
2015-01-05,69,mean_temp_quad_hr,8047.2443
2015-01-05,70,mean_temp_quad_hr,8071.1114
2015-01-05,71,mean_temp_quad_hr,8219.0761
2015-01-05,72,mean_temp_quad_hr,8334.9258
2015-01-05,73,mean_temp_quad_hr,8403.8704
2015-01-05,74,mean_temp_quad_hr,8415.4969
2015-01-05,75,mean_temp_quad_hr,8428.7317
2015-01-05,76,mean_temp_quad_hr,8407.9650
2015-01-05,77,mean_temp_quad_hr,8383.5273
2015-01-05,78,mean_temp_quad_hr,8366.0668
2015-01-05,79,mean_temp_quad_hr,8366.1394
2015-01-05,80,mean_temp_quad_hr,8317.1753
2015-01-05,81,mean_temp_quad_hr,8296.3183
2015-01-05,82,mean_temp_quad_hr,8289.9967
2015-01-05,83,mean_temp_quad_hr,8272.4129
2015-01-05,84,mean_temp_quad_hr,8269.1571
2015-01-05,85,mean_temp_quad_hr,8220.7080
2015-01-05,86,mean_temp_quad_hr,8177.4108
2015-01-05,87,mean_temp_quad_hr,8010.2694
2015-01-05,88,mean_temp_quad_hr,7747.7280
2015-01-05,89,mean_temp_quad_hr,7627.4759
2015-01-05,90,mean_temp_quad_hr,7599.7160
2015-01-05,91,mean_temp_quad_hr,7596.5065
2015-01-05,92,mean_temp_quad_hr,7185.2315
2015-01-05,93,mean_temp_quad_hr,6713.4270
2015-01-05,94,mean_temp_quad_hr,6364.9028
2015-01-05,95,mean_temp_quad_hr,6091.2375
2015-01-06,0,mean_temp_quad_hr,5887.4469
2015-01-06,1,mean_temp_quad_hr,5740.9703
2015-01-06,2,mean_temp_quad_hr,5480.9539
2015-01-06,3,mean_temp_quad_hr,5228.5496
2015-01-06,4,mean_temp_quad_hr,5111.5807
2015-01-06,5,mean_temp_quad_hr,4853.2045
2015-01-06,6,mean_temp_quad_hr,4821.7154
2015-01-06,7,mean_temp_quad_hr,4756.6337
2015-01-06,8,mean_temp_quad_hr,4560.8123
2015-01-06,9,mean_temp_quad_hr,4410.5796
2015-01-06,10,mean_temp_quad_hr,4360.0807
2015-01-06,11,mean_temp_quad_hr,4327.2154
2015-01-06,12,mean_temp_quad_hr,4340.8303
2015-01-06,13,mean_temp_quad_hr,4340.1702
2015-01-06,14,mean_temp_quad_hr,4340.1702
2015-01-06,15,mean_temp_quad_hr,4317.6400
2015-01-06,16,mean_temp_quad_hr,4277.0800
2015-01-06,17,mean_temp_quad_hr,4275.0645
2015-01-06,18,mean_temp_quad_hr,4258.4127
2015-01-06,19,mean_temp_quad_hr,4258.4127
2015-01-06,20,mean_temp_quad_hr,4258.4127
2015-01-06,21,mean_temp_quad_hr,4265.9831
2015-01-06,22,mean_temp_quad_hr,4315.6245
2015-01-06,23,mean_temp_quad_hr,4338.1547
2015-01-06,24,mean_temp_quad_hr,4329.9006
2015-01-06,25,mean_temp_quad_hr,4529.6866
2015-01-06,26,mean_temp_quad_hr,4741.6097
2015-01-06,27,mean_temp_quad_hr,4864.1833
2015-01-06,28,mean_temp_quad_hr,5166.7512
2015-01-06,29,mean_temp_quad_hr,5475.9170
2015-01-06,30,mean_temp_quad_hr,5758.6608
2015-01-06,31,mean_temp_quad_hr,5868.4509
2015-01-06,32,mean_temp_quad_hr,6224.3071
2015-01-06,33,mean_temp_quad_hr,6867.9039
2015-01-06,34,mean_temp_quad_hr,7193.8257
2015-01-06,35,mean_temp_quad_hr,7313.2994
2015-01-06,36,mean_temp_quad_hr,7537.5353
2015-01-06,37,mean_temp_quad_hr,7530.9266
2015-01-06,38,mean_temp_quad_hr,7562.8698
2015-01-06,39,mean_temp_quad_hr,7740.4642
2015-01-06,40,mean_temp_quad_hr,7745.8382
2015-01-06,41,mean_temp_quad_hr,7900.4542
2015-01-06,42,mean_temp_quad_hr,7937.4361
2015-01-06,43,mean_temp_quad_hr,7943.8008
2015-01-06,44,mean_temp_quad_hr,8041.4261
2015-01-06,45,mean_temp_quad_hr,8054.3545
2015-01-06,46,mean_temp_quad_hr,8054.3545
2015-01-06,47,mean_temp_quad_hr,7753.6862
2015-01-06,48,mean_temp_quad_hr,7499.2073
2015-01-06,49,mean_temp_quad_hr,7135.0383
2015-01-06,50,mean_temp_quad_hr,7066.1871
2015-01-06,51,mean_temp_quad_hr,6973.4144
2015-01-06,52,mean_temp_quad_hr,6885.8378
2015-01-06,53,mean_temp_quad_hr,6976.2976
2015-01-06,54,mean_temp_quad_hr,7101.8903
2015-01-06,55,mean_temp_quad_hr,7367.8546
2015-01-06,56,mean_temp_quad_hr,7389.9697
2015-01-06,57,mean_temp_quad_hr,7501.8371
2015-01-06,58,mean_temp_quad_hr,7495.5465
2015-01-06,59,mean_temp_quad_hr,7493.4277
2015-01-06,60,mean_temp_quad_hr,7481.0827
2015-01-06,61,mean_temp_quad_hr,7480.1385
2015-01-06,62,mean_temp_quad_hr,7480.1385
2015-01-06,63,mean_temp_quad_hr,7486.2332
2015-01-06,64,mean_temp_quad_hr,7500.8100
2015-01-06,65,mean_temp_quad_hr,7652.7323
2015-01-06,66,mean_temp_quad_hr,7702.5443
2015-01-06,67,mean_temp_quad_hr,7702.1543
2015-01-06,68,mean_temp_quad_hr,7782.3342
2015-01-06,69,mean_temp_quad_hr,7941.0659
2015-01-06,70,mean_temp_quad_hr,7916.6320
2015-01-06,71,mean_temp_quad_hr,8010.2710
2015-01-06,72,mean_temp_quad_hr,7982.1221
2015-01-06,73,mean_temp_quad_hr,8050.7518
2015-01-06,74,mean_temp_quad_hr,8050.7518
2015-01-06,75,mean_temp_quad_hr,8130.5396
2015-01-06,76,mean_temp_quad_hr,8257.1576
2015-01-06,77,mean_temp_quad_hr,8082.5134
2015-01-06,78,mean_temp_quad_hr,8237.9129
2015-01-06,79,mean_temp_quad_hr,8237.9854
2015-01-06,80,mean_temp_quad_hr,8215.4079
2015-01-06,81,mean_temp_quad_hr,8168.3585
2015-01-06,82,mean_temp_quad_hr,8162.0369
2015-01-06,83,mean_temp_quad_hr,8090.8848
2015-01-06,84,mean_temp_quad_hr,8090.8848
2015-01-06,85,mean_temp_quad_hr,8039.1799
2015-01-06,86,mean_temp_quad_hr,7976.5815
2015-01-06,87,mean_temp_quad_hr,7775.9869
2015-01-06,88,mean_temp_quad_hr,7585.9537
2015-01-06,89,mean_temp_quad_hr,7443.3277
2015-01-06,90,mean_temp_quad_hr,7493.8472
2015-01-06,91,mean_temp_quad_hr,7277.5134
2015-01-06,92,mean_temp_quad_hr,6984.7290
2015-01-06,93,mean_temp_quad_hr,6654.8502
2015-01-06,94,mean_temp_quad_hr,6325.6291
2015-01-06,95,mean_temp_quad_hr,6109.2169
2015-01-07,0,mean_temp_quad_hr,6144.0976
2015-01-07,1,mean_temp_quad_hr,5844.4048
2015-01-07,2,mean_temp_quad_hr,5677.7548
2015-01-07,3,mean_temp_quad_hr,5533.7542
2015-01-07,4,mean_temp_quad_hr,5277.0213
2015-01-07,5,mean_temp_quad_hr,5048.4922
2015-01-07,6,mean_temp_quad_hr,4993.5726
2015-01-07,7,mean_temp_quad_hr,4787.9964
2015-01-07,8,mean_temp_quad_hr,4681.1465
2015-01-07,9,mean_temp_quad_hr,4574.4243
2015-01-07,10,mean_temp_quad_hr,4545.2012
2015-01-07,11,mean_temp_quad_hr,4535.1229
2015-01-07,12,mean_temp_quad_hr,4513.2432
2015-01-07,13,mean_temp_quad_hr,4462.4025
2015-01-07,14,mean_temp_quad_hr,4462.4025
2015-01-07,15,mean_temp_quad_hr,4389.5412
2015-01-07,16,mean_temp_quad_hr,4370.3971
2015-01-07,17,mean_temp_quad_hr,4368.3816
2015-01-07,18,mean_temp_quad_hr,4368.3816
2015-01-07,19,mean_temp_quad_hr,4368.3816
2015-01-07,20,mean_temp_quad_hr,4368.3816
2015-01-07,21,mean_temp_quad_hr,4368.3816
2015-01-07,22,mean_temp_quad_hr,4460.3870
2015-01-07,23,mean_temp_quad_hr,4474.2216
2015-01-07,24,mean_temp_quad_hr,4502.9048
2015-01-07,25,mean_temp_quad_hr,4590.6640
2015-01-07,26,mean_temp_quad_hr,4725.4402
2015-01-07,27,mean_temp_quad_hr,5010.0206
2015-01-07,28,mean_temp_quad_hr,5140.9262
2015-01-07,29,mean_temp_quad_hr,5517.3558
2015-01-07,30,mean_temp_quad_hr,5673.7125
2015-01-07,31,mean_temp_quad_hr,6008.9905
2015-01-07,32,mean_temp_quad_hr,6307.1497
2015-01-07,33,mean_temp_quad_hr,6920.9312
2015-01-07,34,mean_temp_quad_hr,7160.9289
2015-01-07,35,mean_temp_quad_hr,7409.5552
2015-01-07,36,mean_temp_quad_hr,7601.7215
2015-01-07,37,mean_temp_quad_hr,7711.3605
2015-01-07,38,mean_temp_quad_hr,7809.9551
2015-01-07,39,mean_temp_quad_hr,7917.4266
2015-01-07,40,mean_temp_quad_hr,7957.9433
2015-01-07,41,mean_temp_quad_hr,8027.9408
2015-01-07,42,mean_temp_quad_hr,8059.1653
2015-01-07,43,mean_temp_quad_hr,8067.7016
2015-01-07,44,mean_temp_quad_hr,8111.0321
2015-01-07,45,mean_temp_quad_hr,8191.7768
2015-01-07,46,mean_temp_quad_hr,8191.7768
2015-01-07,47,mean_temp_quad_hr,7912.8493
2015-01-07,48,mean_temp_quad_hr,7645.7372
2015-01-07,49,mean_temp_quad_hr,7197.2326
2015-01-07,50,mean_temp_quad_hr,7119.3304
2015-01-07,51,mean_temp_quad_hr,7046.8729
2015-01-07,52,mean_temp_quad_hr,6996.9049
2015-01-07,53,mean_temp_quad_hr,7046.8729
2015-01-07,54,mean_temp_quad_hr,7207.9604
2015-01-07,55,mean_temp_quad_hr,7390.2694
2015-01-07,56,mean_temp_quad_hr,7407.2946
2015-01-07,57,mean_temp_quad_hr,7509.2431
2015-01-07,58,mean_temp_quad_hr,7544.7582
2015-01-07,59,mean_temp_quad_hr,7466.7313
2015-01-07,60,mean_temp_quad_hr,7493.2937
2015-01-07,61,mean_temp_quad_hr,7499.8896
2015-01-07,62,mean_temp_quad_hr,7456.8345
2015-01-07,63,mean_temp_quad_hr,7548.7482
2015-01-07,64,mean_temp_quad_hr,7555.0697
2015-01-07,65,mean_temp_quad_hr,7675.2150
2015-01-07,66,mean_temp_quad_hr,7708.9770
2015-01-07,67,mean_temp_quad_hr,7741.8653
2015-01-07,68,mean_temp_quad_hr,7816.4701
2015-01-07,69,mean_temp_quad_hr,7794.0497
2015-01-07,70,mean_temp_quad_hr,7731.6617
2015-01-07,71,mean_temp_quad_hr,7958.8139
2015-01-07,72,mean_temp_quad_hr,8095.0052
2015-01-07,73,mean_temp_quad_hr,8126.2453
2015-01-07,74,mean_temp_quad_hr,8238.8752
2015-01-07,75,mean_temp_quad_hr,8167.0315
2015-01-07,76,mean_temp_quad_hr,8152.8996
2015-01-07,77,mean_temp_quad_hr,8188.3575
2015-01-07,78,mean_temp_quad_hr,8343.2735
2015-01-07,79,mean_temp_quad_hr,8321.9159
2015-01-07,80,mean_temp_quad_hr,8364.0976
2015-01-07,81,mean_temp_quad_hr,8241.0907
2015-01-07,82,mean_temp_quad_hr,8324.4195
2015-01-07,83,mean_temp_quad_hr,8292.5454
2015-01-07,84,mean_temp_quad_hr,8217.2965
2015-01-07,85,mean_temp_quad_hr,8074.1192
2015-01-07,86,mean_temp_quad_hr,8090.4666
2015-01-07,87,mean_temp_quad_hr,8099.5328
2015-01-07,88,mean_temp_quad_hr,8059.7308
2015-01-07,89,mean_temp_quad_hr,7734.8244
2015-01-07,90,mean_temp_quad_hr,7534.5287
2015-01-07,91,mean_temp_quad_hr,7155.2675
2015-01-07,92,mean_temp_quad_hr,6899.3096
2015-01-07,93,mean_temp_quad_hr,6562.2727
2015-01-07,94,mean_temp_quad_hr,6492.7585
2015-01-07,95,mean_temp_quad_hr,6280.3501
2015-01-08,0,mean_temp_quad_hr,6172.7029
2015-01-08,1,mean_temp_quad_hr,5920.9751
2015-01-08,2,mean_temp_quad_hr,5917.3083
2015-01-08,3,mean_temp_quad_hr,5629.4809
2015-01-08,4,mean_temp_quad_hr,5503.6309
2015-01-08,5,mean_temp_quad_hr,5125.6558
2015-01-08,6,mean_temp_quad_hr,4960.3381
2015-01-08,7,mean_temp_quad_hr,4906.8940
2015-01-08,8,mean_temp_quad_hr,4850.6832
2015-01-08,9,mean_temp_quad_hr,4713.2696
2015-01-08,10,mean_temp_quad_hr,4623.4341
2015-01-08,11,mean_temp_quad_hr,4549.4019
2015-01-08,12,mean_temp_quad_hr,4502.2361
2015-01-08,13,mean_temp_quad_hr,4449.1407
2015-01-08,14,mean_temp_quad_hr,4429.0638
2015-01-08,15,mean_temp_quad_hr,4326.3749
2015-01-08,16,mean_temp_quad_hr,4326.3749
2015-01-08,17,mean_temp_quad_hr,4324.3594
2015-01-08,18,mean_temp_quad_hr,4324.3594
2015-01-08,19,mean_temp_quad_hr,4324.3594
2015-01-08,20,mean_temp_quad_hr,4279.5717
2015-01-08,21,mean_temp_quad_hr,4320.9740
2015-01-08,22,mean_temp_quad_hr,4365.7617
2015-01-08,23,mean_temp_quad_hr,4517.1999
2015-01-08,24,mean_temp_quad_hr,4521.4124
2015-01-08,25,mean_temp_quad_hr,4779.8468
2015-01-08,26,mean_temp_quad_hr,4840.6783
2015-01-08,27,mean_temp_quad_hr,4966.7656
2015-01-08,28,mean_temp_quad_hr,5238.1034
2015-01-08,29,mean_temp_quad_hr,5465.6655
2015-01-08,30,mean_temp_quad_hr,5648.9692
2015-01-08,31,mean_temp_quad_hr,5672.0014
2015-01-08,32,mean_temp_quad_hr,5783.6863
2015-01-08,33,mean_temp_quad_hr,6055.3008
2015-01-08,34,mean_temp_quad_hr,7225.3982
2015-01-08,35,mean_temp_quad_hr,8044.8915
2015-01-08,36,mean_temp_quad_hr,8062.8548
2015-01-08,37,mean_temp_quad_hr,8271.5407
2015-01-08,38,mean_temp_quad_hr,8378.6467
2015-01-08,39,mean_temp_quad_hr,8481.7078
2015-01-08,40,mean_temp_quad_hr,8766.1271
2015-01-08,41,mean_temp_quad_hr,8767.6383
2015-01-08,42,mean_temp_quad_hr,8857.1426
2015-01-08,43,mean_temp_quad_hr,8851.4159
2015-01-08,44,mean_temp_quad_hr,8905.0328
2015-01-08,45,mean_temp_quad_hr,9022.1017
2015-01-08,46,mean_temp_quad_hr,8898.1148
2015-01-08,47,mean_temp_quad_hr,8901.6441
2015-01-08,48,mean_temp_quad_hr,8157.6428
2015-01-08,49,mean_temp_quad_hr,7367.2947
2015-01-08,50,mean_temp_quad_hr,7294.9411
2015-01-08,51,mean_temp_quad_hr,7367.6030
2015-01-08,52,mean_temp_quad_hr,7303.1438
2015-01-08,53,mean_temp_quad_hr,7517.1390
2015-01-08,54,mean_temp_quad_hr,7572.4703
2015-01-08,55,mean_temp_quad_hr,8393.2166
2015-01-08,56,mean_temp_quad_hr,8460.0304
2015-01-08,57,mean_temp_quad_hr,8384.2478
2015-01-08,58,mean_temp_quad_hr,8384.2478
2015-01-08,59,mean_temp_quad_hr,8375.8384
2015-01-08,60,mean_temp_quad_hr,8375.8384
2015-01-08,61,mean_temp_quad_hr,8333.4920
2015-01-08,62,mean_temp_quad_hr,8333.4920
2015-01-08,63,mean_temp_quad_hr,8478.6376
2015-01-08,64,mean_temp_quad_hr,8545.2583
2015-01-08,65,mean_temp_quad_hr,8534.8319
2015-01-08,66,mean_temp_quad_hr,8558.2973
2015-01-08,67,mean_temp_quad_hr,8728.0976
2015-01-08,68,mean_temp_quad_hr,8891.1505
2015-01-08,69,mean_temp_quad_hr,9012.7999
2015-01-08,70,mean_temp_quad_hr,8993.2867
2015-01-08,71,mean_temp_quad_hr,8721.8748
2015-01-08,72,mean_temp_quad_hr,8496.8488
2015-01-08,73,mean_temp_quad_hr,8570.8821
2015-01-08,74,mean_temp_quad_hr,8582.5086
2015-01-08,75,mean_temp_quad_hr,8582.5086
2015-01-08,76,mean_temp_quad_hr,8582.5086
2015-01-08,77,mean_temp_quad_hr,8501.5748
2015-01-08,78,mean_temp_quad_hr,8423.0677
2015-01-08,79,mean_temp_quad_hr,8370.5942
2015-01-08,80,mean_temp_quad_hr,8571.8828
2015-01-08,81,mean_temp_quad_hr,8513.6079
2015-01-08,82,mean_temp_quad_hr,8507.2863
2015-01-08,83,mean_temp_quad_hr,8472.6998
2015-01-08,84,mean_temp_quad_hr,8415.3850
2015-01-08,85,mean_temp_quad_hr,8512.8395
2015-01-08,86,mean_temp_quad_hr,8510.3157
2015-01-08,87,mean_temp_quad_hr,8532.7842
2015-01-08,88,mean_temp_quad_hr,8493.4076
2015-01-08,89,mean_temp_quad_hr,8270.1149
2015-01-08,90,mean_temp_quad_hr,7989.8046
2015-01-08,91,mean_temp_quad_hr,7549.9254
2015-01-08,92,mean_temp_quad_hr,6934.7633
2015-01-08,93,mean_temp_quad_hr,6743.9152
2015-01-08,94,mean_temp_quad_hr,6349.2527
2015-01-08,95,mean_temp_quad_hr,6338.9451
2015-01-09,0,mean_temp_quad_hr,5927.6534
2015-01-09,1,mean_temp_quad_hr,5871.7135
2015-01-09,2,mean_temp_quad_hr,5742.9997
2015-01-09,3,mean_temp_quad_hr,5362.1620
2015-01-09,4,mean_temp_quad_hr,5286.1847
2015-01-09,5,mean_temp_quad_hr,5075.4925
2015-01-09,6,mean_temp_quad_hr,5005.1249
2015-01-09,7,mean_temp_quad_hr,4909.0499
2015-01-09,8,mean_temp_quad_hr,4966.9517
2015-01-09,9,mean_temp_quad_hr,4850.0620
2015-01-09,10,mean_temp_quad_hr,4680.7037
2015-01-09,11,mean_temp_quad_hr,4613.2830
2015-01-09,12,mean_temp_quad_hr,4567.7182
2015-01-09,13,mean_temp_quad_hr,4444.0460
2015-01-09,14,mean_temp_quad_hr,4444.0460
2015-01-09,15,mean_temp_quad_hr,4252.2339
2015-01-09,16,mean_temp_quad_hr,4252.2339
2015-01-09,17,mean_temp_quad_hr,4214.9483
2015-01-09,18,mean_temp_quad_hr,4214.9483
2015-01-09,19,mean_temp_quad_hr,4214.9483
2015-01-09,20,mean_temp_quad_hr,4169.1338
2015-01-09,21,mean_temp_quad_hr,4406.7604
2015-01-09,22,mean_temp_quad_hr,4442.0305
2015-01-09,23,mean_temp_quad_hr,4553.1673
2015-01-09,24,mean_temp_quad_hr,4603.5951
2015-01-09,25,mean_temp_quad_hr,4758.4824
2015-01-09,26,mean_temp_quad_hr,4892.5837
2015-01-09,27,mean_temp_quad_hr,5038.7135
2015-01-09,28,mean_temp_quad_hr,5186.2561
2015-01-09,29,mean_temp_quad_hr,5413.8182
2015-01-09,30,mean_temp_quad_hr,5619.6486
2015-01-09,31,mean_temp_quad_hr,5694.0493
2015-01-09,32,mean_temp_quad_hr,5954.6466
2015-01-09,33,mean_temp_quad_hr,6421.7803
2015-01-09,34,mean_temp_quad_hr,6777.4389
2015-01-09,35,mean_temp_quad_hr,7468.4716
2015-01-09,36,mean_temp_quad_hr,7967.8794
2015-01-09,37,mean_temp_quad_hr,7993.3105
2015-01-09,38,mean_temp_quad_hr,8142.8605
2015-01-09,39,mean_temp_quad_hr,8355.8110
2015-01-09,40,mean_temp_quad_hr,8201.2231
2015-01-09,41,mean_temp_quad_hr,8226.3896
2015-01-09,42,mean_temp_quad_hr,8268.2968
2015-01-09,43,mean_temp_quad_hr,8259.4541
2015-01-09,44,mean_temp_quad_hr,8135.9522
2015-01-09,45,mean_temp_quad_hr,8041.2186
2015-01-09,46,mean_temp_quad_hr,8279.7025
2015-01-09,47,mean_temp_quad_hr,8260.4991
2015-01-09,48,mean_temp_quad_hr,8051.4500
2015-01-09,49,mean_temp_quad_hr,7763.1866
2015-01-09,50,mean_temp_quad_hr,7479.2977
2015-01-09,51,mean_temp_quad_hr,7353.4307
2015-01-09,52,mean_temp_quad_hr,7402.7807
2015-01-09,53,mean_temp_quad_hr,7307.6646
2015-01-09,54,mean_temp_quad_hr,7627.4159
2015-01-09,55,mean_temp_quad_hr,8020.1006
2015-01-09,56,mean_temp_quad_hr,8050.9781
2015-01-09,57,mean_temp_quad_hr,8156.5013
2015-01-09,58,mean_temp_quad_hr,8213.2058
2015-01-09,59,mean_temp_quad_hr,8021.8123
2015-01-09,60,mean_temp_quad_hr,8054.9149
2015-01-09,61,mean_temp_quad_hr,8105.7454
2015-01-09,62,mean_temp_quad_hr,8018.0795
2015-01-09,63,mean_temp_quad_hr,8035.2129
2015-01-09,64,mean_temp_quad_hr,8044.4652
2015-01-09,65,mean_temp_quad_hr,8117.1692
2015-01-09,66,mean_temp_quad_hr,8186.7748
2015-01-09,67,mean_temp_quad_hr,8186.7022
2015-01-09,68,mean_temp_quad_hr,8195.1260
2015-01-09,69,mean_temp_quad_hr,8322.5878
2015-01-09,70,mean_temp_quad_hr,8341.7954
2015-01-09,71,mean_temp_quad_hr,8470.3756
2015-01-09,72,mean_temp_quad_hr,8471.0799
2015-01-09,73,mean_temp_quad_hr,8504.7882
2015-01-09,74,mean_temp_quad_hr,8426.8397
2015-01-09,75,mean_temp_quad_hr,8409.3793
2015-01-09,76,mean_temp_quad_hr,8409.3793
2015-01-09,77,mean_temp_quad_hr,8374.7144
2015-01-09,78,mean_temp_quad_hr,8334.5990
2015-01-09,79,mean_temp_quad_hr,8546.9666
2015-01-09,80,mean_temp_quad_hr,8306.9611
2015-01-09,81,mean_temp_quad_hr,8331.8988
2015-01-09,82,mean_temp_quad_hr,8317.0068
2015-01-09,83,mean_temp_quad_hr,8317.0068
2015-01-09,84,mean_temp_quad_hr,8282.8038
2015-01-09,85,mean_temp_quad_hr,8240.3633
2015-01-09,86,mean_temp_quad_hr,8295.3677
2015-01-09,87,mean_temp_quad_hr,8392.1264
2015-01-09,88,mean_temp_quad_hr,8163.3509
2015-01-09,89,mean_temp_quad_hr,8073.9938
2015-01-09,90,mean_temp_quad_hr,7986.9372
2015-01-09,91,mean_temp_quad_hr,7794.6037
2015-01-09,92,mean_temp_quad_hr,7454.0159
2015-01-09,93,mean_temp_quad_hr,7193.6359
2015-01-09,94,mean_temp_quad_hr,6904.7199
2015-01-09,95,mean_temp_quad_hr,6454.4960
2015-01-10,0,mean_temp_quad_hr,5827.0528
2015-01-10,1,mean_temp_quad_hr,5555.9157
2015-01-10,2,mean_temp_quad_hr,5657.2311
2015-01-10,3,mean_temp_quad_hr,5221.3584
2015-01-10,4,mean_temp_quad_hr,5081.4858
2015-01-10,5,mean_temp_quad_hr,4814.2967
2015-01-10,6,mean_temp_quad_hr,4746.8198
2015-01-10,7,mean_temp_quad_hr,4663.6651
2015-01-10,8,mean_temp_quad_hr,4606.7120
2015-01-10,9,mean_temp_quad_hr,4439.8417
2015-01-10,10,mean_temp_quad_hr,4382.0829
2015-01-10,11,mean_temp_quad_hr,4356.1280
2015-01-10,12,mean_temp_quad_hr,4308.9622
2015-01-10,13,mean_temp_quad_hr,4203.4977
2015-01-10,14,mean_temp_quad_hr,4142.7519
2015-01-10,15,mean_temp_quad_hr,4142.7519
2015-01-10,16,mean_temp_quad_hr,4100.8088
2015-01-10,17,mean_temp_quad_hr,4100.8088
2015-01-10,18,mean_temp_quad_hr,4100.8088
2015-01-10,19,mean_temp_quad_hr,4100.8088
2015-01-10,20,mean_temp_quad_hr,4085.1566
2015-01-10,21,mean_temp_quad_hr,4100.8088
2015-01-10,22,mean_temp_quad_hr,4142.7519
2015-01-10,23,mean_temp_quad_hr,4203.4977
2015-01-10,24,mean_temp_quad_hr,4250.9979
2015-01-10,25,mean_temp_quad_hr,4348.4556
2015-01-10,26,mean_temp_quad_hr,4395.0630
2015-01-10,27,mean_temp_quad_hr,4509.4856
2015-01-10,28,mean_temp_quad_hr,4667.0796
2015-01-10,29,mean_temp_quad_hr,4772.6953
2015-01-10,30,mean_temp_quad_hr,4990.1199
2015-01-10,31,mean_temp_quad_hr,5388.0652
2015-01-10,32,mean_temp_quad_hr,5615.3539
2015-01-10,33,mean_temp_quad_hr,6174.2189
2015-01-10,34,mean_temp_quad_hr,6644.5743
2015-01-10,35,mean_temp_quad_hr,6843.7206
2015-01-10,36,mean_temp_quad_hr,7074.4180
2015-01-10,37,mean_temp_quad_hr,7326.0197
2015-01-10,38,mean_temp_quad_hr,7449.2812
2015-01-10,39,mean_temp_quad_hr,7587.2215
2015-01-10,40,mean_temp_quad_hr,7686.6614
2015-01-10,41,mean_temp_quad_hr,7701.3109
2015-01-10,42,mean_temp_quad_hr,7832.8092
2015-01-10,43,mean_temp_quad_hr,7873.8592
2015-01-10,44,mean_temp_quad_hr,7907.2622
2015-01-10,45,mean_temp_quad_hr,7945.2662
2015-01-10,46,mean_temp_quad_hr,7937.6997
2015-01-10,47,mean_temp_quad_hr,7810.3286
2015-01-10,48,mean_temp_quad_hr,7422.4999
2015-01-10,49,mean_temp_quad_hr,7088.0060
2015-01-10,50,mean_temp_quad_hr,6997.8751
2015-01-10,51,mean_temp_quad_hr,6910.3321
2015-01-10,52,mean_temp_quad_hr,6818.0010
2015-01-10,53,mean_temp_quad_hr,6910.3321
2015-01-10,54,mean_temp_quad_hr,7033.8719
2015-01-10,55,mean_temp_quad_hr,7264.0276
2015-01-10,56,mean_temp_quad_hr,7247.3554
2015-01-10,57,mean_temp_quad_hr,7237.9418
2015-01-10,58,mean_temp_quad_hr,7237.9418
2015-01-10,59,mean_temp_quad_hr,7211.6237
2015-01-10,60,mean_temp_quad_hr,7220.0902
2015-01-10,61,mean_temp_quad_hr,7286.6861
2015-01-10,62,mean_temp_quad_hr,7340.5034
2015-01-10,63,mean_temp_quad_hr,7339.1083
2015-01-10,64,mean_temp_quad_hr,7405.3989
2015-01-10,65,mean_temp_quad_hr,7447.3010
2015-01-10,66,mean_temp_quad_hr,7526.9525
2015-01-10,67,mean_temp_quad_hr,7664.0384
2015-01-10,68,mean_temp_quad_hr,7751.1032
2015-01-10,69,mean_temp_quad_hr,7847.8370
2015-01-10,70,mean_temp_quad_hr,7881.9223
2015-01-10,71,mean_temp_quad_hr,7988.5482
2015-01-10,72,mean_temp_quad_hr,7949.4199
2015-01-10,73,mean_temp_quad_hr,8177.2422
2015-01-10,74,mean_temp_quad_hr,8221.0216
2015-01-10,75,mean_temp_quad_hr,8240.9890
2015-01-10,76,mean_temp_quad_hr,8197.6226
2015-01-10,77,mean_temp_quad_hr,8222.9711
2015-01-10,78,mean_temp_quad_hr,8199.8477
2015-01-10,79,mean_temp_quad_hr,8146.2832
2015-01-10,80,mean_temp_quad_hr,8069.1622
2015-01-10,81,mean_temp_quad_hr,8078.0061
2015-01-10,82,mean_temp_quad_hr,8065.8846
2015-01-10,83,mean_temp_quad_hr,8061.8187
2015-01-10,84,mean_temp_quad_hr,8061.4042
2015-01-10,85,mean_temp_quad_hr,7959.5528
2015-01-10,86,mean_temp_quad_hr,7931.8629
2015-01-10,87,mean_temp_quad_hr,7860.7537
2015-01-10,88,mean_temp_quad_hr,7831.5905
2015-01-10,89,mean_temp_quad_hr,7662.7183
2015-01-10,90,mean_temp_quad_hr,7492.3504
2015-01-10,91,mean_temp_quad_hr,7261.4458
2015-01-10,92,mean_temp_quad_hr,7069.2662
2015-01-10,93,mean_temp_quad_hr,6691.6416
2015-01-10,94,mean_temp_quad_hr,6432.5621
2015-01-10,95,mean_temp_quad_hr,6282.0335
2015-01-04,0,all_weather,6135.3898
2015-01-04,1,all_weather,5986.6718
2015-01-04,2,all_weather,5638.5732
2015-01-04,3,all_weather,5448.8959
2015-01-04,4,all_weather,5212.0346
2015-01-04,5,all_weather,4979.1008
2015-01-04,6,all_weather,4890.4310
2015-01-04,7,all_weather,4631.8952
2015-01-04,8,all_weather,4610.7204
2015-01-04,9,all_weather,4444.3757
2015-01-04,10,all_weather,4380.3544
2015-01-04,11,all_weather,4348.0040
2015-01-04,12,all_weather,4310.5574
2015-01-04,13,all_weather,4301.5764
2015-01-04,14,all_weather,4301.5764
2015-01-04,15,all_weather,4259.0502
2015-01-04,16,all_weather,4226.6618
2015-01-04,17,all_weather,4226.6618
2015-01-04,18,all_weather,4200.3270
2015-01-04,19,all_weather,4184.2233
2015-01-04,20,all_weather,4200.3270
2015-01-04,21,all_weather,4200.3270
2015-01-04,22,all_weather,4226.6618
2015-01-04,23,all_weather,4259.0502
2015-01-04,24,all_weather,4301.5764
2015-01-04,25,all_weather,4306.2459
2015-01-04,26,all_weather,4329.0845
2015-01-04,27,all_weather,4418.0214
2015-01-04,28,all_weather,4489.4742
2015-01-04,29,all_weather,4777.0297
2015-01-04,30,all_weather,4880.5721
2015-01-04,31,all_weather,5110.1472
2015-01-04,32,all_weather,5453.1703
2015-01-04,33,all_weather,6096.1352
2015-01-04,34,all_weather,6232.1755
2015-01-04,35,all_weather,6539.0292
2015-01-04,36,all_weather,6662.2571
2015-01-04,37,all_weather,6794.3010
2015-01-04,38,all_weather,6919.1621
2015-01-04,39,all_weather,7106.9964
2015-01-04,40,all_weather,7431.8618
2015-01-04,41,all_weather,7543.2945
2015-01-04,42,all_weather,7591.8117
2015-01-04,43,all_weather,7638.4271
2015-01-04,44,all_weather,7663.2382
2015-01-04,45,all_weather,7716.7331
2015-01-04,46,all_weather,7728.9523
2015-01-04,47,all_weather,7650.5404
2015-01-04,48,all_weather,7316.0431
2015-01-04,49,all_weather,6910.2893
2015-01-04,50,all_weather,6837.4392
2015-01-04,51,all_weather,6795.0180
2015-01-04,52,all_weather,6770.9519
2015-01-04,53,all_weather,6782.1409
2015-01-04,54,all_weather,6840.9863
2015-01-04,55,all_weather,6925.6559
2015-01-04,56,all_weather,6950.5842
2015-01-04,57,all_weather,6981.9879
2015-01-04,58,all_weather,6994.9889
2015-01-04,59,all_weather,6864.9402
2015-01-04,60,all_weather,6906.8854
2015-01-04,61,all_weather,6960.3111
2015-01-04,62,all_weather,6966.8393
2015-01-04,63,all_weather,7070.0915
2015-01-04,64,all_weather,7157.6666
2015-01-04,65,all_weather,7271.9808
2015-01-04,66,all_weather,7332.8887
2015-01-04,67,all_weather,7579.0894
2015-01-04,68,all_weather,7677.0873
2015-01-04,69,all_weather,7766.4631
2015-01-04,70,all_weather,7792.0280
2015-01-04,71,all_weather,7860.8483
2015-01-04,72,all_weather,7888.4245
2015-01-04,73,all_weather,8117.5910
2015-01-04,74,all_weather,8123.2213
2015-01-04,75,all_weather,8139.3294
2015-01-04,76,all_weather,8058.1120
2015-01-04,77,all_weather,8058.1120
2015-01-04,78,all_weather,7955.9398
2015-01-04,79,all_weather,7928.7955
2015-01-04,80,all_weather,7880.5380
2015-01-04,81,all_weather,7869.5557
2015-01-04,82,all_weather,7869.5557
2015-01-04,83,all_weather,7897.6764
2015-01-04,84,all_weather,7880.1600
2015-01-04,85,all_weather,7853.7285
2015-01-04,86,all_weather,7818.8160
2015-01-04,87,all_weather,7777.5588
2015-01-04,88,all_weather,7681.6815
2015-01-04,89,all_weather,7533.4116
2015-01-04,90,all_weather,7288.9868
2015-01-04,91,all_weather,6962.0716
2015-01-04,92,all_weather,6775.6043
2015-01-04,93,all_weather,6459.9533
2015-01-04,94,all_weather,6221.0555
2015-01-04,95,all_weather,6003.0718
2015-01-05,0,all_weather,5658.9281
2015-01-05,1,all_weather,5410.5343
2015-01-05,2,all_weather,5284.6960
2015-01-05,3,all_weather,5010.5711
2015-01-05,4,all_weather,4935.7147
2015-01-05,5,all_weather,4806.6177
2015-01-05,6,all_weather,4589.4842
2015-01-05,7,all_weather,4447.6825
2015-01-05,8,all_weather,4417.1818
2015-01-05,9,all_weather,4376.9659
2015-01-05,10,all_weather,4338.6948
2015-01-05,11,all_weather,4287.0199
2015-01-05,12,all_weather,4259.7740
2015-01-05,13,all_weather,4170.1291
2015-01-05,14,all_weather,4170.1291
2015-01-05,15,all_weather,4170.9124
2015-01-05,16,all_weather,4170.9124
2015-01-05,17,all_weather,4099.2012
2015-01-05,18,all_weather,4170.9124
2015-01-05,19,all_weather,4170.9124
2015-01-05,20,all_weather,4170.9124
2015-01-05,21,all_weather,4170.9124
2015-01-05,22,all_weather,4192.1122
2015-01-05,23,all_weather,4250.0520
2015-01-05,24,all_weather,4308.6819
2015-01-05,25,all_weather,4413.0615
2015-01-05,26,all_weather,4519.7396
2015-01-05,27,all_weather,4817.8676
2015-01-05,28,all_weather,5125.0019
2015-01-05,29,all_weather,5471.9769
2015-01-05,30,all_weather,5799.2694
2015-01-05,31,all_weather,6023.5894
2015-01-05,32,all_weather,6243.1184
2015-01-05,33,all_weather,6673.2911
2015-01-05,34,all_weather,7044.2512
2015-01-05,35,all_weather,7356.2521
2015-01-05,36,all_weather,7521.0334
2015-01-05,37,all_weather,7571.1383
2015-01-05,38,all_weather,7709.5452
2015-01-05,39,all_weather,7809.6488
2015-01-05,40,all_weather,7915.2776
2015-01-05,41,all_weather,8029.2216
2015-01-05,42,all_weather,8081.0008
2015-01-05,43,all_weather,8111.7805
2015-01-05,44,all_weather,8120.1120
2015-01-05,45,all_weather,8142.8547
2015-01-05,46,all_weather,8141.3301
2015-01-05,47,all_weather,7917.1488
2015-01-05,48,all_weather,7658.3628
2015-01-05,49,all_weather,7283.5868
2015-01-05,50,all_weather,7160.3625
2015-01-05,51,all_weather,7018.6926
2015-01-05,52,all_weather,6973.8652
2015-01-05,53,all_weather,7044.9944
2015-01-05,54,all_weather,7252.3809
2015-01-05,55,all_weather,7510.2235
2015-01-05,56,all_weather,7553.2553
2015-01-05,57,all_weather,7593.9368
2015-01-05,58,all_weather,7587.4338
2015-01-05,59,all_weather,7598.5728
2015-01-05,60,all_weather,7598.5728
2015-01-05,61,all_weather,7527.7407
2015-01-05,62,all_weather,7530.6560
2015-01-05,63,all_weather,7541.7890
2015-01-05,64,all_weather,7581.9133
2015-01-05,65,all_weather,7620.6131
2015-01-05,66,all_weather,7789.7492
2015-01-05,67,all_weather,7795.1404
2015-01-05,68,all_weather,7816.2722
2015-01-05,69,all_weather,7995.0758
2015-01-05,70,all_weather,8022.7692
2015-01-05,71,all_weather,8127.8146
2015-01-05,72,all_weather,8192.9462
2015-01-05,73,all_weather,8272.8737
2015-01-05,74,all_weather,8272.8737
2015-01-05,75,all_weather,8272.8737
2015-01-05,76,all_weather,8272.8737
2015-01-05,77,all_weather,8294.4172
2015-01-05,78,all_weather,8270.3081
2015-01-05,79,all_weather,8255.9646
2015-01-05,80,all_weather,8234.0998
2015-01-05,81,all_weather,8223.1175
2015-01-05,82,all_weather,8205.0682
2015-01-05,83,all_weather,8262.2229
2015-01-05,84,all_weather,8245.2929
2015-01-05,85,all_weather,8178.9816
2015-01-05,86,all_weather,8171.5112
2015-01-05,87,all_weather,7934.3239
2015-01-05,88,all_weather,7745.9259
2015-01-05,89,all_weather,7626.0106
2015-01-05,90,all_weather,7554.5178
2015-01-05,91,all_weather,7431.3227
2015-01-05,92,all_weather,7048.8183
2015-01-05,93,all_weather,6670.6874
2015-01-05,94,all_weather,6456.4827
2015-01-05,95,all_weather,6215.0767
2015-01-06,0,all_weather,6133.0934
2015-01-06,1,all_weather,5925.9013
2015-01-06,2,all_weather,5659.1246
2015-01-06,3,all_weather,5439.9838
2015-01-06,4,all_weather,5226.2145
2015-01-06,5,all_weather,4999.6875
2015-01-06,6,all_weather,4915.8259
2015-01-06,7,all_weather,4840.1702
2015-01-06,8,all_weather,4660.0649
2015-01-06,9,all_weather,4522.4379
2015-01-06,10,all_weather,4469.1082
2015-01-06,11,all_weather,4429.4370
2015-01-06,12,all_weather,4395.4843
2015-01-06,13,all_weather,4360.2045
2015-01-06,14,all_weather,4360.2045
2015-01-06,15,all_weather,4350.0770
2015-01-06,16,all_weather,4364.7065
2015-01-06,17,all_weather,4364.7065
2015-01-06,18,all_weather,4364.7065
2015-01-06,19,all_weather,4364.7065
2015-01-06,20,all_weather,4364.7065
2015-01-06,21,all_weather,4355.4875
2015-01-06,22,all_weather,4350.0770
2015-01-06,23,all_weather,4386.5088
2015-01-06,24,all_weather,4409.7105
2015-01-06,25,all_weather,4594.8544
2015-01-06,26,all_weather,4789.5021
2015-01-06,27,all_weather,4907.7405
2015-01-06,28,all_weather,5227.9512
2015-01-06,29,all_weather,5597.5694
2015-01-06,30,all_weather,5887.2203
2015-01-06,31,all_weather,6081.9676
2015-01-06,32,all_weather,6261.7369
2015-01-06,33,all_weather,6789.3489
2015-01-06,34,all_weather,7092.8796
2015-01-06,35,all_weather,7197.7135
2015-01-06,36,all_weather,7485.0714
2015-01-06,37,all_weather,7530.4088
2015-01-06,38,all_weather,7629.8363
2015-01-06,39,all_weather,7785.5986
2015-01-06,40,all_weather,7853.9464
2015-01-06,41,all_weather,7968.7958
2015-01-06,42,all_weather,7967.6698
2015-01-06,43,all_weather,7970.3204
2015-01-06,44,all_weather,8065.5409
2015-01-06,45,all_weather,8087.5540
2015-01-06,46,all_weather,8085.6984
2015-01-06,47,all_weather,7855.8176
2015-01-06,48,all_weather,7574.9643
2015-01-06,49,all_weather,7154.8630
2015-01-06,50,all_weather,7034.8344
2015-01-06,51,all_weather,6953.8051
2015-01-06,52,all_weather,6869.8924
2015-01-06,53,all_weather,6987.0137
2015-01-06,54,all_weather,6930.5866
2015-01-06,55,all_weather,7216.3234
2015-01-06,56,all_weather,7376.7099
2015-01-06,57,all_weather,7468.3913
2015-01-06,58,all_weather,7468.3913
2015-01-06,59,all_weather,7468.3913
2015-01-06,60,all_weather,7471.3066
2015-01-06,61,all_weather,7468.2678
2015-01-06,62,all_weather,7468.2678
2015-01-06,63,all_weather,7472.3572
2015-01-06,64,all_weather,7514.0306
2015-01-06,65,all_weather,7587.7884
2015-01-06,66,all_weather,7674.7388
2015-01-06,67,all_weather,7706.5784
2015-01-06,68,all_weather,7786.0687
2015-01-06,69,all_weather,7938.6398
2015-01-06,70,all_weather,7958.5993
2015-01-06,71,all_weather,8013.8548
2015-01-06,72,all_weather,8051.7434
2015-01-06,73,all_weather,8133.0941
2015-01-06,74,all_weather,8147.5304
2015-01-06,75,all_weather,8190.9558
2015-01-06,76,all_weather,8269.7959
2015-01-06,77,all_weather,8147.5304
2015-01-06,78,all_weather,8244.0599
2015-01-06,79,all_weather,8233.3914
2015-01-06,80,all_weather,8212.4866
2015-01-06,81,all_weather,8202.6304
2015-01-06,82,all_weather,8184.5810
2015-01-06,83,all_weather,8213.6659
2015-01-06,84,all_weather,8202.1580
2015-01-06,85,all_weather,8145.0332
2015-01-06,86,all_weather,8084.8915
2015-01-06,87,all_weather,7887.6145
2015-01-06,88,all_weather,7700.8321
2015-01-06,89,all_weather,7534.2141
2015-01-06,90,all_weather,7487.1792
2015-01-06,91,all_weather,7256.3423
2015-01-06,92,all_weather,6915.2926
2015-01-06,93,all_weather,6702.9733
2015-01-06,94,all_weather,6378.8855
2015-01-06,95,all_weather,6244.3706
2015-01-07,0,all_weather,6232.7855
2015-01-07,1,all_weather,5939.8922
2015-01-07,2,all_weather,5736.6880
2015-01-07,3,all_weather,5513.4979
2015-01-07,4,all_weather,5138.7886
2015-01-07,5,all_weather,5077.4072
2015-01-07,6,all_weather,4959.4577
2015-01-07,7,all_weather,4767.5656
2015-01-07,8,all_weather,4657.3576
2015-01-07,9,all_weather,4552.3579
2015-01-07,10,all_weather,4511.5168
2015-01-07,11,all_weather,4476.0638
2015-01-07,12,all_weather,4455.5628
2015-01-07,13,all_weather,4336.5986
2015-01-07,14,all_weather,4336.5986
2015-01-07,15,all_weather,4315.6743
2015-01-07,16,all_weather,4303.6936
2015-01-07,17,all_weather,4303.6936
2015-01-07,18,all_weather,4303.6936
2015-01-07,19,all_weather,4303.6936
2015-01-07,20,all_weather,4303.6936
2015-01-07,21,all_weather,4303.6936
2015-01-07,22,all_weather,4336.5986
2015-01-07,23,all_weather,4368.9871
2015-01-07,24,all_weather,4427.3727
2015-01-07,25,all_weather,4493.9496
2015-01-07,26,all_weather,4684.6378
2015-01-07,27,all_weather,4941.0122
2015-01-07,28,all_weather,5074.4358
2015-01-07,29,all_weather,5448.0817
2015-01-07,30,all_weather,5710.0500
2015-01-07,31,all_weather,5956.2889
2015-01-07,32,all_weather,6322.3999
2015-01-07,33,all_weather,6583.3208
2015-01-07,34,all_weather,6939.8903
2015-01-07,35,all_weather,7234.8948
2015-01-07,36,all_weather,7366.7312
2015-01-07,37,all_weather,7555.1674
2015-01-07,38,all_weather,7669.9018
2015-01-07,39,all_weather,7866.5176
2015-01-07,40,all_weather,7935.5258
2015-01-07,41,all_weather,7938.6855
2015-01-07,42,all_weather,7998.9961
2015-01-07,43,all_weather,7998.9961
2015-01-07,44,all_weather,8011.9794
2015-01-07,45,all_weather,8021.9667
2015-01-07,46,all_weather,7997.5192
2015-01-07,47,all_weather,7834.2012
2015-01-07,48,all_weather,7331.1356
2015-01-07,49,all_weather,7085.7909
2015-01-07,50,all_weather,6997.3537
2015-01-07,51,all_weather,6963.3040
2015-01-07,52,all_weather,6909.5842
2015-01-07,53,all_weather,6954.9324
2015-01-07,54,all_weather,7048.3585
2015-01-07,55,all_weather,7154.4526
2015-01-07,56,all_weather,7189.9948
2015-01-07,57,all_weather,7277.8049
2015-01-07,58,all_weather,7304.7179
2015-01-07,59,all_weather,7231.0778
2015-01-07,60,all_weather,7262.1704
2015-01-07,61,all_weather,7272.1452
2015-01-07,62,all_weather,7272.1452
2015-01-07,63,all_weather,7372.2480
2015-01-07,64,all_weather,7351.5099
2015-01-07,65,all_weather,7464.4491
2015-01-07,66,all_weather,7355.6710
2015-01-07,67,all_weather,7518.1760
2015-01-07,68,all_weather,7639.8764
2015-01-07,69,all_weather,7567.6306
2015-01-07,70,all_weather,7748.1195
2015-01-07,71,all_weather,7934.9234
2015-01-07,72,all_weather,8065.9089
2015-01-07,73,all_weather,8161.6256
2015-01-07,74,all_weather,8215.5058
2015-01-07,75,all_weather,8174.3584
2015-01-07,76,all_weather,8170.0988
2015-01-07,77,all_weather,8262.3977
2015-01-07,78,all_weather,8203.3121
2015-01-07,79,all_weather,8190.5215
2015-01-07,80,all_weather,8230.4214
2015-01-07,81,all_weather,8165.8314
2015-01-07,82,all_weather,8148.4019
2015-01-07,83,all_weather,8203.2537
2015-01-07,84,all_weather,8138.3742
2015-01-07,85,all_weather,8076.1822
2015-01-07,86,all_weather,7771.1414
2015-01-07,87,all_weather,7923.5441
2015-01-07,88,all_weather,7825.7688
2015-01-07,89,all_weather,7623.9516
2015-01-07,90,all_weather,7435.0890
2015-01-07,91,all_weather,7052.6220
2015-01-07,92,all_weather,6686.5599
2015-01-07,93,all_weather,6393.8854
2015-01-07,94,all_weather,6428.6269
2015-01-07,95,all_weather,6320.6510
2015-01-08,0,all_weather,6269.8350
2015-01-08,1,all_weather,5934.7451
2015-01-08,2,all_weather,5887.7911
2015-01-08,3,all_weather,5583.5112
2015-01-08,4,all_weather,5356.1185
2015-01-08,5,all_weather,5147.9199
2015-01-08,6,all_weather,4945.9769
2015-01-08,7,all_weather,4887.1583
2015-01-08,8,all_weather,4796.9462
2015-01-08,9,all_weather,4681.8767
2015-01-08,10,all_weather,4598.1507
2015-01-08,11,all_weather,4553.7386
2015-01-08,12,all_weather,4425.6360
2015-01-08,13,all_weather,4405.7664
2015-01-08,14,all_weather,4353.3551
2015-01-08,15,all_weather,4220.3196
2015-01-08,16,all_weather,4220.3196
2015-01-08,17,all_weather,4232.0846
2015-01-08,18,all_weather,4225.4942
2015-01-08,19,all_weather,4232.0846
2015-01-08,20,all_weather,4298.5548
2015-01-08,21,all_weather,4324.1522
2015-01-08,22,all_weather,4324.1522
2015-01-08,23,all_weather,4452.5295
2015-01-08,24,all_weather,4452.5295
2015-01-08,25,all_weather,4758.0274
2015-01-08,26,all_weather,4956.0036
2015-01-08,27,all_weather,5094.6299
2015-01-08,28,all_weather,5246.5554
2015-01-08,29,all_weather,5451.4185
2015-01-08,30,all_weather,5635.3723
2015-01-08,31,all_weather,5729.6261
2015-01-08,32,all_weather,5893.2520
2015-01-08,33,all_weather,5936.3397
2015-01-08,34,all_weather,6846.3417
2015-01-08,35,all_weather,7568.0091
2015-01-08,36,all_weather,7566.6644
2015-01-08,37,all_weather,7989.5942
2015-01-08,38,all_weather,8143.5949
2015-01-08,39,all_weather,8214.7848
2015-01-08,40,all_weather,8379.1996
2015-01-08,41,all_weather,8550.0783
2015-01-08,42,all_weather,8616.7360
2015-01-08,43,all_weather,8732.9253
2015-01-08,44,all_weather,8765.2917
2015-01-08,45,all_weather,8931.7736
2015-01-08,46,all_weather,8851.9972
2015-01-08,47,all_weather,8782.1339
2015-01-08,48,all_weather,7962.7188
2015-01-08,49,all_weather,7142.7058
2015-01-08,50,all_weather,7026.1422
2015-01-08,51,all_weather,7154.6477
2015-01-08,52,all_weather,7267.8672
2015-01-08,53,all_weather,7151.9752
2015-01-08,54,all_weather,7312.6802
2015-01-08,55,all_weather,7964.7968
2015-01-08,56,all_weather,7964.7968
2015-01-08,57,all_weather,8084.3606
2015-01-08,58,all_weather,8084.3606
2015-01-08,59,all_weather,8084.3606
2015-01-08,60,all_weather,8084.3606
2015-01-08,61,all_weather,8082.2478
2015-01-08,62,all_weather,8082.2478
2015-01-08,63,all_weather,8093.0901
2015-01-08,64,all_weather,8303.3284
2015-01-08,65,all_weather,8252.5373
2015-01-08,66,all_weather,8410.0879
2015-01-08,67,all_weather,8558.1019
2015-01-08,68,all_weather,8547.2865
2015-01-08,69,all_weather,8898.4417
2015-01-08,70,all_weather,8917.2159
2015-01-08,71,all_weather,8784.5813
2015-01-08,72,all_weather,8632.8930
2015-01-08,73,all_weather,8581.9490
2015-01-08,74,all_weather,8590.4222
2015-01-08,75,all_weather,8590.4222
2015-01-08,76,all_weather,8590.4222
2015-01-08,77,all_weather,8572.4472
2015-01-08,78,all_weather,8557.0931
2015-01-08,79,all_weather,8448.6927
2015-01-08,80,all_weather,8570.9582
2015-01-08,81,all_weather,8471.5506
2015-01-08,82,all_weather,8471.5506
2015-01-08,83,all_weather,8394.0178
2015-01-08,84,all_weather,8459.7355
2015-01-08,85,all_weather,8293.4529
2015-01-08,86,all_weather,8307.9243
2015-01-08,87,all_weather,8479.0384
2015-01-08,88,all_weather,8416.5267
2015-01-08,89,all_weather,8329.1499
2015-01-08,90,all_weather,7970.1978
2015-01-08,91,all_weather,7454.1720
2015-01-08,92,all_weather,6903.4384
2015-01-08,93,all_weather,6743.9283
2015-01-08,94,all_weather,6527.1315
2015-01-08,95,all_weather,6422.6044
2015-01-09,0,all_weather,6064.0669
2015-01-09,1,all_weather,5955.5360
2015-01-09,2,all_weather,5849.8879
2015-01-09,3,all_weather,5496.6269
2015-01-09,4,all_weather,5352.2602
2015-01-09,5,all_weather,5300.6093
2015-01-09,6,all_weather,5140.2479
2015-01-09,7,all_weather,5104.6397
2015-01-09,8,all_weather,4978.9268
2015-01-09,9,all_weather,4805.4167
2015-01-09,10,all_weather,4744.0666
2015-01-09,11,all_weather,4691.7256
2015-01-09,12,all_weather,4511.9855
2015-01-09,13,all_weather,4365.9664
2015-01-09,14,all_weather,4365.9664
2015-01-09,15,all_weather,4123.6407
2015-01-09,16,all_weather,4123.6407
2015-01-09,17,all_weather,4123.6407
2015-01-09,18,all_weather,4123.6407
2015-01-09,19,all_weather,4123.6407
2015-01-09,20,all_weather,4123.6407
2015-01-09,21,all_weather,4365.9664
2015-01-09,22,all_weather,4365.9664
2015-01-09,23,all_weather,4477.4865
2015-01-09,24,all_weather,4608.0406
2015-01-09,25,all_weather,4706.5682
2015-01-09,26,all_weather,4951.3161
2015-01-09,27,all_weather,4982.8565
2015-01-09,28,all_weather,5111.6323
2015-01-09,29,all_weather,5316.4954
2015-01-09,30,all_weather,5498.3378
2015-01-09,31,all_weather,5627.4351
2015-01-09,32,all_weather,5924.1239
2015-01-09,33,all_weather,6253.4368
2015-01-09,34,all_weather,6506.6355
2015-01-09,35,all_weather,7221.0559
2015-01-09,36,all_weather,7656.3003
2015-01-09,37,all_weather,8047.1388
2015-01-09,38,all_weather,8077.8451
2015-01-09,39,all_weather,8039.3409
2015-01-09,40,all_weather,7957.3376
2015-01-09,41,all_weather,7934.3098
2015-01-09,42,all_weather,8017.3604
2015-01-09,43,all_weather,8213.8989
2015-01-09,44,all_weather,8149.0069
2015-01-09,45,all_weather,8087.0788
2015-01-09,46,all_weather,8200.7277
2015-01-09,47,all_weather,7991.2395
2015-01-09,48,all_weather,7865.2051
2015-01-09,49,all_weather,7680.5790
2015-01-09,50,all_weather,7583.9450
2015-01-09,51,all_weather,7547.2978
2015-01-09,52,all_weather,7356.1098
2015-01-09,53,all_weather,7357.0292
2015-01-09,54,all_weather,7698.1248
2015-01-09,55,all_weather,7851.9992
2015-01-09,56,all_weather,7807.1842
2015-01-09,57,all_weather,7979.9899
2015-01-09,58,all_weather,8007.5352
2015-01-09,59,all_weather,7950.2759
2015-01-09,60,all_weather,7891.0871
2015-01-09,61,all_weather,7977.8771
2015-01-09,62,all_weather,7982.9332
2015-01-09,63,all_weather,7949.0499
2015-01-09,64,all_weather,7949.0591
2015-01-09,65,all_weather,7976.7603
2015-01-09,66,all_weather,8031.1446
2015-01-09,67,all_weather,8036.5358
2015-01-09,68,all_weather,8152.7456
2015-01-09,69,all_weather,8370.0498
2015-01-09,70,all_weather,8370.1967
2015-01-09,71,all_weather,8453.1583
2015-01-09,72,all_weather,8416.0824
2015-01-09,73,all_weather,8414.6943
2015-01-09,74,all_weather,8394.1204
2015-01-09,75,all_weather,8392.5958
2015-01-09,76,all_weather,8392.5958
2015-01-09,77,all_weather,8392.5958
2015-01-09,78,all_weather,8397.4024
2015-01-09,79,all_weather,8481.4548
2015-01-09,80,all_weather,8250.3659
2015-01-09,81,all_weather,8275.7246
2015-01-09,82,all_weather,8257.6752
2015-01-09,83,all_weather,8077.9327
2015-01-09,84,all_weather,8259.1248
2015-01-09,85,all_weather,8093.8061
2015-01-09,86,all_weather,8175.3367
2015-01-09,87,all_weather,8336.7244
2015-01-09,88,all_weather,8100.4479
2015-01-09,89,all_weather,7931.0512
2015-01-09,90,all_weather,7852.7403
2015-01-09,91,all_weather,7641.1248
2015-01-09,92,all_weather,7382.5495
2015-01-09,93,all_weather,7065.1372
2015-01-09,94,all_weather,6917.7123
2015-01-09,95,all_weather,6630.5290
2015-01-10,0,all_weather,6016.6226
2015-01-10,1,all_weather,5699.6759
2015-01-10,2,all_weather,5739.5433
2015-01-10,3,all_weather,5294.9155
2015-01-10,4,all_weather,5143.7142
2015-01-10,5,all_weather,4959.8001
2015-01-10,6,all_weather,4883.0359
2015-01-10,7,all_weather,4757.4259
2015-01-10,8,all_weather,4709.8767
2015-01-10,9,all_weather,4586.3355
2015-01-10,10,all_weather,4537.5914
2015-01-10,11,all_weather,4497.4128
2015-01-10,12,all_weather,4330.7882
2015-01-10,13,all_weather,4267.5051
2015-01-10,14,all_weather,4206.7594
2015-01-10,15,all_weather,4206.7594
2015-01-10,16,all_weather,4134.4696
2015-01-10,17,all_weather,4139.6443
2015-01-10,18,all_weather,4139.6443
2015-01-10,19,all_weather,4139.6443
2015-01-10,20,all_weather,4118.3659
2015-01-10,21,all_weather,4134.4696
2015-01-10,22,all_weather,4206.7594
2015-01-10,23,all_weather,4267.5051
2015-01-10,24,all_weather,4310.6975
2015-01-10,25,all_weather,4380.3640
2015-01-10,26,all_weather,4495.7388
2015-01-10,27,all_weather,4589.7109
2015-01-10,28,all_weather,4743.4775
2015-01-10,29,all_weather,4799.0043
2015-01-10,30,all_weather,5021.7575
2015-01-10,31,all_weather,5432.3703
2015-01-10,32,all_weather,5664.1025
2015-01-10,33,all_weather,6290.5353
2015-01-10,34,all_weather,6368.7181
2015-01-10,35,all_weather,6707.4371
2015-01-10,36,all_weather,6991.1099
2015-01-10,37,all_weather,7251.9433
2015-01-10,38,all_weather,7195.6562
2015-01-10,39,all_weather,7314.2730
2015-01-10,40,all_weather,7437.5947
2015-01-10,41,all_weather,7481.3146
2015-01-10,42,all_weather,7774.1856
2015-01-10,43,all_weather,7861.9912
2015-01-10,44,all_weather,7941.2071
2015-01-10,45,all_weather,7898.0049
2015-01-10,46,all_weather,7942.2222
2015-01-10,47,all_weather,7787.9151
2015-01-10,48,all_weather,7281.2466
2015-01-10,49,all_weather,7056.1875
2015-01-10,50,all_weather,6872.7106
2015-01-10,51,all_weather,6717.9212
2015-01-10,52,all_weather,6631.5371
2015-01-10,53,all_weather,6717.9212
2015-01-10,54,all_weather,6967.8802
2015-01-10,55,all_weather,7031.3117
2015-01-10,56,all_weather,7048.2221
2015-01-10,57,all_weather,7041.2711
2015-01-10,58,all_weather,7042.9639
2015-01-10,59,all_weather,7032.5104
2015-01-10,60,all_weather,7035.8268
2015-01-10,61,all_weather,7076.6729
2015-01-10,62,all_weather,7115.4493
2015-01-10,63,all_weather,7149.6339
2015-01-10,64,all_weather,7229.4894
2015-01-10,65,all_weather,7278.3647
2015-01-10,66,all_weather,7354.9588
2015-01-10,67,all_weather,7403.9257
2015-01-10,68,all_weather,7752.7607
2015-01-10,69,all_weather,7812.7048
2015-01-10,70,all_weather,7843.1271
2015-01-10,71,all_weather,7925.0931
2015-01-10,72,all_weather,7958.4911
2015-01-10,73,all_weather,8118.8680
2015-01-10,74,all_weather,8218.4019
2015-01-10,75,all_weather,8178.2124
2015-01-10,76,all_weather,8149.4807
2015-01-10,77,all_weather,8149.6091
2015-01-10,78,all_weather,8110.4614
2015-01-10,79,all_weather,8057.4593
2015-01-10,80,all_weather,7949.8872
2015-01-10,81,all_weather,7995.3359
2015-01-10,82,all_weather,7971.4554
2015-01-10,83,all_weather,7949.5092
2015-01-10,84,all_weather,7976.3009
2015-01-10,85,all_weather,7948.0844
2015-01-10,86,all_weather,7943.8248
2015-01-10,87,all_weather,7847.5302
2015-01-10,88,all_weather,7803.1077
2015-01-10,89,all_weather,7516.0286
2015-01-10,90,all_weather,7352.3988
2015-01-10,91,all_weather,7131.7536
2015-01-10,92,all_weather,6896.6272
2015-01-10,93,all_weather,6576.5230
2015-01-10,94,all_weather,6519.4079
2015-01-10,95,all_weather,6379.6833
