date,slot,model,forecast_MW
2015-01-04,0,no_weather,5406.6535
2015-01-04,1,no_weather,5171.0073
2015-01-04,2,no_weather,5087.1824
2015-01-04,3,no_weather,5003.6186
2015-01-04,4,no_weather,4939.2971
2015-01-04,5,no_weather,4860.5955
2015-01-04,6,no_weather,4850.7746
2015-01-04,7,no_weather,4801.0024
2015-01-04,8,no_weather,4774.4294
2015-01-04,9,no_weather,4641.1837
2015-01-04,10,no_weather,4615.8397
2015-01-04,11,no_weather,4589.1826
2015-01-04,12,no_weather,4582.6519
2015-01-04,13,no_weather,4577.0706
2015-01-04,14,no_weather,4555.8265
2015-01-04,15,no_weather,4527.7026
2015-01-04,16,no_weather,4527.7026
2015-01-04,17,no_weather,4500.7024
2015-01-04,18,no_weather,4500.7024
2015-01-04,19,no_weather,4511.5604
2015-01-04,20,no_weather,4511.5604
2015-01-04,21,no_weather,4511.5604
2015-01-04,22,no_weather,4479.8676
2015-01-04,23,no_weather,4511.5604
2015-01-04,24,no_weather,4511.5604
2015-01-04,25,no_weather,4511.5604
2015-01-04,26,no_weather,4527.7026
2015-01-04,27,no_weather,4529.2503
2015-01-04,28,no_weather,4623.6115
2015-01-04,29,no_weather,4706.6850
2015-01-04,30,no_weather,4770.3135
2015-01-04,31,no_weather,5036.9736
2015-01-04,32,no_weather,5478.0561
2015-01-04,33,no_weather,6096.1218
2015-01-04,34,no_weather,6481.0661
2015-01-04,35,no_weather,6661.2465
2015-01-04,36,no_weather,6872.4977
2015-01-04,37,no_weather,6974.0843
2015-01-04,38,no_weather,7143.0185
2015-01-04,39,no_weather,7227.2333
2015-01-04,40,no_weather,7234.0790
2015-01-04,41,no_weather,7344.0468
2015-01-04,42,no_weather,7370.8481
2015-01-04,43,no_weather,7420.2393
2015-01-04,44,no_weather,7420.2393
2015-01-04,45,no_weather,7433.1282
2015-01-04,46,no_weather,7385.7116
2015-01-04,47,no_weather,7225.2443
2015-01-04,48,no_weather,6198.3453
2015-01-04,49,no_weather,5759.5778
2015-01-04,50,no_weather,5715.3178
2015-01-04,51,no_weather,5660.0065
2015-01-04,52,no_weather,5634.7692
2015-01-04,53,no_weather,5775.3690
2015-01-04,54,no_weather,6083.7676
2015-01-04,55,no_weather,6597.7390
2015-01-04,56,no_weather,6780.8795
2015-01-04,57,no_weather,6867.1676
2015-01-04,58,no_weather,6835.9358
2015-01-04,59,no_weather,6835.9358
2015-01-04,60,no_weather,6889.6100
2015-01-04,61,no_weather,6962.5071
2015-01-04,62,no_weather,7021.2724
2015-01-04,63,no_weather,7070.5790
2015-01-04,64,no_weather,7190.2674
2015-01-04,65,no_weather,7276.2711
2015-01-04,66,no_weather,7286.4854
2015-01-04,67,no_weather,7286.4854
2015-01-04,68,no_weather,7279.9689
2015-01-04,69,no_weather,7213.6352
2015-01-04,70,no_weather,6768.3301
2015-01-04,71,no_weather,6547.7683
2015-01-04,72,no_weather,6488.5616
2015-01-04,73,no_weather,6663.7942
2015-01-04,74,no_weather,6789.6742
2015-01-04,75,no_weather,6827.0954
2015-01-04,76,no_weather,6664.2357
2015-01-04,77,no_weather,6664.2357
2015-01-04,78,no_weather,6547.7683
2015-01-04,79,no_weather,6411.5853
2015-01-04,80,no_weather,6398.2079
2015-01-04,81,no_weather,6339.5679
2015-01-04,82,no_weather,6354.6050
2015-01-04,83,no_weather,6338.8137
2015-01-04,84,no_weather,6366.7708
2015-01-04,85,no_weather,6366.7708
2015-01-04,86,no_weather,6096.2803
2015-01-04,87,no_weather,6043.7451
2015-01-04,88,no_weather,5990.7618
2015-01-04,89,no_weather,5940.1967
2015-01-04,90,no_weather,5739.2111
2015-01-04,91,no_weather,5635.5324
2015-01-04,92,no_weather,5449.4991
2015-01-04,93,no_weather,5251.5035
2015-01-04,94,no_weather,5015.6471
2015-01-04,95,no_weather,4888.2071
2015-01-05,0,no_weather,4911.4706
2015-01-05,1,no_weather,4820.5855
2015-01-05,2,no_weather,4805.1856
2015-01-05,3,no_weather,4731.0704
2015-01-05,4,no_weather,4699.9946
2015-01-05,5,no_weather,4636.4372
2015-01-05,6,no_weather,4583.2214
2015-01-05,7,no_weather,4503.6328
2015-01-05,8,no_weather,4471.5639
2015-01-05,9,no_weather,4407.3422
2015-01-05,10,no_weather,4379.5997
2015-01-05,11,no_weather,4363.8959
2015-01-05,12,no_weather,4211.3092
2015-01-05,13,no_weather,4187.1727
2015-01-05,14,no_weather,4200.1968
2015-01-05,15,no_weather,4150.8801
2015-01-05,16,no_weather,4150.8801
2015-01-05,17,no_weather,4150.8801
2015-01-05,18,no_weather,4150.8801
2015-01-05,19,no_weather,4085.5319
2015-01-05,20,no_weather,4150.8801
2015-01-05,21,no_weather,4150.8801
2015-01-05,22,no_weather,4143.7665
2015-01-05,23,no_weather,4196.4724
2015-01-05,24,no_weather,4302.1376
2015-01-05,25,no_weather,4379.8145
2015-01-05,26,no_weather,4418.8670
2015-01-05,27,no_weather,4509.4968
2015-01-05,28,no_weather,4667.1846
2015-01-05,29,no_weather,4908.5885
2015-01-05,30,no_weather,5158.6627
2015-01-05,31,no_weather,5569.9715
2015-01-05,32,no_weather,6462.4414
2015-01-05,33,no_weather,7694.4312
2015-01-05,34,no_weather,7992.6448
2015-01-05,35,no_weather,8091.4985
2015-01-05,36,no_weather,8304.9008
2015-01-05,37,no_weather,8377.4959
2015-01-05,38,no_weather,8377.3591
2015-01-05,39,no_weather,8423.3191
2015-01-05,40,no_weather,8431.6515
2015-01-05,41,no_weather,8431.6515
2015-01-05,42,no_weather,8391.2219
2015-01-05,43,no_weather,8380.8239
2015-01-05,44,no_weather,8380.8239
2015-01-05,45,no_weather,8331.2370
2015-01-05,46,no_weather,8423.3191
2015-01-05,47,no_weather,8177.0159
2015-01-05,48,no_weather,7481.2524
2015-01-05,49,no_weather,6375.2959
2015-01-05,50,no_weather,6364.5836
2015-01-05,51,no_weather,6315.7959
2015-01-05,52,no_weather,6360.6939
2015-01-05,53,no_weather,6591.8305
2015-01-05,54,no_weather,7312.8800
2015-01-05,55,no_weather,8031.1201
2015-01-05,56,no_weather,8105.6290
2015-01-05,57,no_weather,8218.9386
2015-01-05,58,no_weather,8338.7971
2015-01-05,59,no_weather,8340.9854
2015-01-05,60,no_weather,8340.1479
2015-01-05,61,no_weather,8416.2430
2015-01-05,62,no_weather,8416.2953
2015-01-05,63,no_weather,8439.6298
2015-01-05,64,no_weather,8443.4392
2015-01-05,65,no_weather,8483.3335
2015-01-05,66,no_weather,8401.0756
2015-01-05,67,no_weather,8411.4229
2015-01-05,68,no_weather,8454.3926
2015-01-05,69,no_weather,8417.0495
2015-01-05,70,no_weather,7942.5853
2015-01-05,71,no_weather,7692.4385
2015-01-05,72,no_weather,7726.2663
2015-01-05,73,no_weather,7913.7947
2015-01-05,74,no_weather,8106.8939
2015-01-05,75,no_weather,8303.6045
2015-01-05,76,no_weather,8303.6045
2015-01-05,77,no_weather,8341.9430
2015-01-05,78,no_weather,8187.5936
2015-01-05,79,no_weather,8180.4799
2015-01-05,80,no_weather,8106.8939
2015-01-05,81,no_weather,8106.8939
2015-01-05,82,no_weather,8106.1397
2015-01-05,83,no_weather,8030.5534
2015-01-05,84,no_weather,8045.5599
2015-01-05,85,no_weather,7884.6901
2015-01-05,86,no_weather,7750.9531
2015-01-05,87,no_weather,7689.3247
2015-01-05,88,no_weather,7487.3110
2015-01-05,89,no_weather,7365.4269
2015-01-05,90,no_weather,6974.0463
2015-01-05,91,no_weather,6551.8138
2015-01-05,92,no_weather,6250.6242
2015-01-05,93,no_weather,5975.4696
2015-01-05,94,no_weather,5871.4080
2015-01-05,95,no_weather,5678.0277
2015-01-06,0,no_weather,5555.6518
2015-01-06,1,no_weather,5313.1585
2015-01-06,2,no_weather,5236.0148
2015-01-06,3,no_weather,5060.9639
2015-01-06,4,no_weather,5035.2189
2015-01-06,5,no_weather,4990.8010
2015-01-06,6,no_weather,4922.6264
2015-01-06,7,no_weather,4860.2748
2015-01-06,8,no_weather,4783.7105
2015-01-06,9,no_weather,4762.3116
2015-01-06,10,no_weather,4744.0812
2015-01-06,11,no_weather,4710.3105
2015-01-06,12,no_weather,4676.0743
2015-01-06,13,no_weather,4659.0515
2015-01-06,14,no_weather,4632.0512
2015-01-06,15,no_weather,4632.0512
2015-01-06,16,no_weather,4632.0512
2015-01-06,17,no_weather,4600.3584
2015-01-06,18,no_weather,4600.3584
2015-01-06,19,no_weather,4600.3584
2015-01-06,20,no_weather,4600.3584
2015-01-06,21,no_weather,4613.3825
2015-01-06,22,no_weather,4600.3584
2015-01-06,23,no_weather,4632.0512
2015-01-06,24,no_weather,4659.0515
2015-01-06,25,no_weather,4686.7569
2015-01-06,26,no_weather,4679.6432
2015-01-06,27,no_weather,4785.8132
2015-01-06,28,no_weather,4975.5151
2015-01-06,29,no_weather,5448.3443
2015-01-06,30,no_weather,5603.2223
2015-01-06,31,no_weather,5765.3108
2015-01-06,32,no_weather,6605.1243
2015-01-06,33,no_weather,7807.8141
2015-01-06,34,no_weather,7920.2497
2015-01-06,35,no_weather,8356.2455
2015-01-06,36,no_weather,8450.7977
2015-01-06,37,no_weather,8308.5418
2015-01-06,38,no_weather,8128.7246
2015-01-06,39,no_weather,8055.6729
2015-01-06,40,no_weather,8099.6315
2015-01-06,41,no_weather,8076.6335
2015-01-06,42,no_weather,8142.3364
2015-01-06,43,no_weather,8142.3364
2015-01-06,44,no_weather,8142.3364
2015-01-06,45,no_weather,8142.3364
2015-01-06,46,no_weather,8123.9980
2015-01-06,47,no_weather,8167.8230
2015-01-06,48,no_weather,7296.5118
2015-01-06,49,no_weather,6350.7765
2015-01-06,50,no_weather,6386.3747
2015-01-06,51,no_weather,6377.5524
2015-01-06,52,no_weather,6461.3283
2015-01-06,53,no_weather,6491.7120
2015-01-06,54,no_weather,7231.3294
2015-01-06,55,no_weather,7897.7535
2015-01-06,56,no_weather,7923.0063
2015-01-06,57,no_weather,8264.2253
2015-01-06,58,no_weather,8322.8424
2015-01-06,59,no_weather,8248.8014
2015-01-06,60,no_weather,8261.8483
2015-01-06,61,no_weather,8215.1355
2015-01-06,62,no_weather,8019.8075
2015-01-06,63,no_weather,8117.1443
2015-01-06,64,no_weather,8049.5085
2015-01-06,65,no_weather,8018.4121
2015-01-06,66,no_weather,8062.3707
2015-01-06,67,no_weather,8084.1970
2015-01-06,68,no_weather,8038.1080
2015-01-06,69,no_weather,8048.6215
2015-01-06,70,no_weather,7891.0190
2015-01-06,71,no_weather,7681.3921
2015-01-06,72,no_weather,7656.1975
2015-01-06,73,no_weather,7824.8298
2015-01-06,74,no_weather,7992.3961
2015-01-06,75,no_weather,8312.6671
2015-01-06,76,no_weather,8368.3970
2015-01-06,77,no_weather,8358.0173
2015-01-06,78,no_weather,8252.7851
2015-01-06,79,no_weather,8138.8453
2015-01-06,80,no_weather,8014.2487
2015-01-06,81,no_weather,7992.3961
2015-01-06,82,no_weather,7991.6419
2015-01-06,83,no_weather,7856.9760
2015-01-06,84,no_weather,7866.5870
2015-01-06,85,no_weather,7824.5891
2015-01-06,86,no_weather,7691.7894
2015-01-06,87,no_weather,7636.2099
2015-01-06,88,no_weather,7319.1954
2015-01-06,89,no_weather,7271.4460
2015-01-06,90,no_weather,6783.9462
2015-01-06,91,no_weather,6332.9160
2015-01-06,92,no_weather,6221.0647
2015-01-06,93,no_weather,5970.3683
2015-01-06,94,no_weather,6001.4785
2015-01-06,95,no_weather,5807.4673
2015-01-07,0,no_weather,5501.6226
2015-01-07,1,no_weather,5231.7472
2015-01-07,2,no_weather,5098.1369
2015-01-07,3,no_weather,5018.2093
2015-01-07,4,no_weather,4943.1950
2015-01-07,5,no_weather,4928.2711
2015-01-07,6,no_weather,4845.0852
2015-01-07,7,no_weather,4770.4228
2015-01-07,8,no_weather,4760.0959
2015-01-07,9,no_weather,4707.0042
2015-01-07,10,no_weather,4713.5675
2015-01-07,11,no_weather,4654.9838
2015-01-07,12,no_weather,4667.2246
2015-01-07,13,no_weather,4643.0881
2015-01-07,14,no_weather,4598.1055
2015-01-07,15,no_weather,4598.1055
2015-01-07,16,no_weather,4603.7499
2015-01-07,17,no_weather,4498.0847
2015-01-07,18,no_weather,4498.0847
2015-01-07,19,no_weather,4498.0847
2015-01-07,20,no_weather,4498.0847
2015-01-07,21,no_weather,4498.0847
2015-01-07,22,no_weather,4498.0847
2015-01-07,23,no_weather,4498.0847
2015-01-07,24,no_weather,4603.7499
2015-01-07,25,no_weather,4643.0881
2015-01-07,26,no_weather,4675.0146
2015-01-07,27,no_weather,4764.7325
2015-01-07,28,no_weather,4944.4292
2015-01-07,29,no_weather,5418.8543
2015-01-07,30,no_weather,6092.0524
2015-01-07,31,no_weather,6110.2971
2015-01-07,32,no_weather,6382.1739
2015-01-07,33,no_weather,7536.3673
2015-01-07,34,no_weather,7996.8128
2015-01-07,35,no_weather,8254.0219
2015-01-07,36,no_weather,8264.9191
2015-01-07,37,no_weather,8259.3285
2015-01-07,38,no_weather,8289.8131
2015-01-07,39,no_weather,8256.7369
2015-01-07,40,no_weather,8308.5330
2015-01-07,41,no_weather,8310.6633
2015-01-07,42,no_weather,8354.4230
2015-01-07,43,no_weather,8354.4230
2015-01-07,44,no_weather,8354.4230
2015-01-07,45,no_weather,8354.4230
2015-01-07,46,no_weather,8203.5836
2015-01-07,47,no_weather,8358.3040
2015-01-07,48,no_weather,6949.7171
2015-01-07,49,no_weather,6331.2302
2015-01-07,50,no_weather,6481.2769
2015-01-07,51,no_weather,6384.7580
2015-01-07,52,no_weather,6481.2769
2015-01-07,53,no_weather,6630.9573
2015-01-07,54,no_weather,6751.0472
2015-01-07,55,no_weather,7851.2016
2015-01-07,56,no_weather,7787.9070
2015-01-07,57,no_weather,7890.9459
2015-01-07,58,no_weather,7925.5190
2015-01-07,59,no_weather,7901.8563
2015-01-07,60,no_weather,7845.8893
2015-01-07,61,no_weather,7781.1528
2015-01-07,62,no_weather,7677.7579
2015-01-07,63,no_weather,8105.7848
2015-01-07,64,no_weather,8105.7848
2015-01-07,65,no_weather,8166.5433
2015-01-07,66,no_weather,8166.5433
2015-01-07,67,no_weather,8166.5433
2015-01-07,68,no_weather,7464.7762
2015-01-07,69,no_weather,7363.4271
2015-01-07,70,no_weather,7504.9169
2015-01-07,71,no_weather,7261.6286
2015-01-07,72,no_weather,7178.5055
2015-01-07,73,no_weather,7427.6643
2015-01-07,74,no_weather,8060.6811
2015-01-07,75,no_weather,8149.7587
2015-01-07,76,no_weather,8138.2615
2015-01-07,77,no_weather,8134.1845
2015-01-07,78,no_weather,8149.4583
2015-01-07,79,no_weather,8274.1715
2015-01-07,80,no_weather,8141.2484
2015-01-07,81,no_weather,8141.2484
2015-01-07,82,no_weather,8140.4942
2015-01-07,83,no_weather,8167.1997
2015-01-07,84,no_weather,8228.8687
2015-01-07,85,no_weather,7161.3477
2015-01-07,86,no_weather,7175.2766
2015-01-07,87,no_weather,7201.9033
2015-01-07,88,no_weather,6817.7750
2015-01-07,89,no_weather,6997.0704
2015-01-07,90,no_weather,7031.4711
2015-01-07,91,no_weather,6856.8821
2015-01-07,92,no_weather,6553.2600
2015-01-07,93,no_weather,6373.9331
2015-01-07,94,no_weather,6307.4815
2015-01-07,95,no_weather,5718.4581
2015-01-08,0,no_weather,5377.5526
2015-01-08,1,no_weather,5284.4417
2015-01-08,2,no_weather,4947.0546
2015-01-08,3,no_weather,4867.0980
2015-01-08,4,no_weather,4913.7913
2015-01-08,5,no_weather,4942.5869
2015-01-08,6,no_weather,4862.1808
2015-01-08,7,no_weather,4789.0916
2015-01-08,8,no_weather,4751.4652
2015-01-08,9,no_weather,4739.7452
2015-01-08,10,no_weather,4711.7160
2015-01-08,11,no_weather,4685.0589
2015-01-08,12,no_weather,4631.1148
2015-01-08,13,no_weather,4554.1088
2015-01-08,14,no_weather,4554.1088
2015-01-08,15,no_weather,4524.2517
2015-01-08,16,no_weather,4498.4006
2015-01-08,17,no_weather,4609.3199
2015-01-08,18,no_weather,4620.9688
2015-01-08,19,no_weather,4620.9688
2015-01-08,20,no_weather,4620.9688
2015-01-08,21,no_weather,4620.9688
2015-01-08,22,no_weather,4620.9688
2015-01-08,23,no_weather,4620.9688
2015-01-08,24,no_weather,4651.5340
2015-01-08,25,no_weather,4714.9742
2015-01-08,26,no_weather,4709.2483
2015-01-08,27,no_weather,4726.6794
2015-01-08,28,no_weather,4823.8285
2015-01-08,29,no_weather,5183.7516
2015-01-08,30,no_weather,5348.6065
2015-01-08,31,no_weather,5813.9482
2015-01-08,32,no_weather,5882.4970
2015-01-08,33,no_weather,8259.3505
2015-01-08,34,no_weather,8368.9151
2015-01-08,35,no_weather,8350.7675
2015-01-08,36,no_weather,8141.8972
2015-01-08,37,no_weather,8044.2159
2015-01-08,38,no_weather,8146.9296
2015-01-08,39,no_weather,8103.3556
2015-01-08,40,no_weather,8119.4050
2015-01-08,41,no_weather,8119.4050
2015-01-08,42,no_weather,8165.0892
2015-01-08,43,no_weather,8114.5711
2015-01-08,44,no_weather,8091.7164
2015-01-08,45,no_weather,8083.0486
2015-01-08,46,no_weather,8138.8896
2015-01-08,47,no_weather,8449.9285
2015-01-08,48,no_weather,6690.6298
2015-01-08,49,no_weather,6492.8496
2015-01-08,50,no_weather,6443.4981
2015-01-08,51,no_weather,6423.7896
2015-01-08,52,no_weather,6500.9695
2015-01-08,53,no_weather,6466.8343
2015-01-08,54,no_weather,6553.6925
2015-01-08,55,no_weather,8372.6242
2015-01-08,56,no_weather,8403.3597
2015-01-08,57,no_weather,8366.0813
2015-01-08,58,no_weather,8417.8453
2015-01-08,59,no_weather,8352.4169
2015-01-08,60,no_weather,8352.4169
2015-01-08,61,no_weather,8168.5496
2015-01-08,62,no_weather,8168.5496
2015-01-08,63,no_weather,8039.1390
2015-01-08,64,no_weather,8098.2787
2015-01-08,65,no_weather,8127.6438
2015-01-08,66,no_weather,8127.6438
2015-01-08,67,no_weather,8127.6438
2015-01-08,68,no_weather,8121.9418
2015-01-08,69,no_weather,8052.4547
2015-01-08,70,no_weather,8350.0619
2015-01-08,71,no_weather,8353.2620
2015-01-08,72,no_weather,8328.5902
2015-01-08,73,no_weather,8449.3961
2015-01-08,74,no_weather,8316.4685
2015-01-08,75,no_weather,8244.2888
2015-01-08,76,no_weather,8244.2888
2015-01-08,77,no_weather,8181.3904
2015-01-08,78,no_weather,8244.2888
2015-01-08,79,no_weather,8315.8285
2015-01-08,80,no_weather,8365.3171
2015-01-08,81,no_weather,8355.6162
2015-01-08,82,no_weather,8315.7142
2015-01-08,83,no_weather,8342.4197
2015-01-08,84,no_weather,8369.7846
2015-01-08,85,no_weather,8368.9526
2015-01-08,86,no_weather,8310.8740
2015-01-08,87,no_weather,8037.0756
2015-01-08,88,no_weather,7058.6305
2015-01-08,89,no_weather,6950.1047
2015-01-08,90,no_weather,6472.8727
2015-01-08,91,no_weather,6438.0899
2015-01-08,92,no_weather,6339.7339
2015-01-08,93,no_weather,6114.8772
2015-01-08,94,no_weather,6056.4199
2015-01-08,95,no_weather,5733.3003
2015-01-09,0,no_weather,5504.9572
2015-01-09,1,no_weather,5345.6823
2015-01-09,2,no_weather,5203.9574
2015-01-09,3,no_weather,5032.4802
2015-01-09,4,no_weather,5032.4802
2015-01-09,5,no_weather,5052.0319
2015-01-09,6,no_weather,4971.6257
2015-01-09,7,no_weather,4885.9935
2015-01-09,8,no_weather,4858.1139
2015-01-09,9,no_weather,4836.6471
2015-01-09,10,no_weather,4787.3372
2015-01-09,11,no_weather,4727.0969
2015-01-09,12,no_weather,4640.2523
2015-01-09,13,no_weather,4506.8661
2015-01-09,14,no_weather,4506.8661
2015-01-09,15,no_weather,4510.5092
2015-01-09,16,no_weather,4510.5092
2015-01-09,17,no_weather,4513.2362
2015-01-09,18,no_weather,4513.2362
2015-01-09,19,no_weather,4513.2362
2015-01-09,20,no_weather,4513.2362
2015-01-09,21,no_weather,4513.2362
2015-01-09,22,no_weather,4513.2362
2015-01-09,23,no_weather,4513.2362
2015-01-09,24,no_weather,4498.7858
2015-01-09,25,no_weather,4524.9998
2015-01-09,26,no_weather,4659.7511
2015-01-09,27,no_weather,4667.1351
2015-01-09,28,no_weather,4818.4671
2015-01-09,29,no_weather,5154.9434
2015-01-09,30,no_weather,5315.0922
2015-01-09,31,no_weather,5778.3929
2015-01-09,32,no_weather,6203.0160
2015-01-09,33,no_weather,8145.2979
2015-01-09,34,no_weather,8379.3437
2015-01-09,35,no_weather,8241.2574
2015-01-09,36,no_weather,8113.4765
2015-01-09,37,no_weather,7672.5164
2015-01-09,38,no_weather,7475.5779
2015-01-09,39,no_weather,7465.5309
2015-01-09,40,no_weather,7381.1578
2015-01-09,41,no_weather,7401.8129
2015-01-09,42,no_weather,7334.3738
2015-01-09,43,no_weather,7334.3738
2015-01-09,44,no_weather,7334.3738
2015-01-09,45,no_weather,7033.3408
2015-01-09,46,no_weather,7496.0101
2015-01-09,47,no_weather,8141.2684
2015-01-09,48,no_weather,6918.9849
2015-01-09,49,no_weather,6697.8596
2015-01-09,50,no_weather,6573.3755
2015-01-09,51,no_weather,6598.0702
2015-01-09,52,no_weather,6611.1732
2015-01-09,53,no_weather,6772.9745
2015-01-09,54,no_weather,7135.8108
2015-01-09,55,no_weather,8214.9674
2015-01-09,56,no_weather,8518.8792
2015-01-09,57,no_weather,8120.2506
2015-01-09,58,no_weather,8043.8977
2015-01-09,59,no_weather,7830.1273
2015-01-09,60,no_weather,7821.9957
2015-01-09,61,no_weather,7751.0817
2015-01-09,62,no_weather,7631.3615
2015-01-09,63,no_weather,7501.9509
2015-01-09,64,no_weather,7502.2513
2015-01-09,65,no_weather,7318.1894
2015-01-09,66,no_weather,7358.2548
2015-01-09,67,no_weather,7374.3042
2015-01-09,68,no_weather,7402.3528
2015-01-09,69,no_weather,7807.1507
2015-01-09,70,no_weather,7718.3320
2015-01-09,71,no_weather,7117.4501
2015-01-09,72,no_weather,7090.5895
2015-01-09,73,no_weather,7427.6643
2015-01-09,74,no_weather,7920.1932
2015-01-09,75,no_weather,7898.4435
2015-01-09,76,no_weather,7872.5925
2015-01-09,77,no_weather,7469.0754
2015-01-09,78,no_weather,7884.0689
2015-01-09,79,no_weather,7994.6341
2015-01-09,80,no_weather,7920.1932
2015-01-09,81,no_weather,7478.2114
2015-01-09,82,no_weather,7940.0940
2015-01-09,83,no_weather,7477.4572
2015-01-09,84,no_weather,7644.6765
2015-01-09,85,no_weather,7198.4357
2015-01-09,86,no_weather,7243.8867
2015-01-09,87,no_weather,7144.6809
2015-01-09,88,no_weather,6707.5597
2015-01-09,89,no_weather,6826.1884
2015-01-09,90,no_weather,6804.3459
2015-01-09,91,no_weather,6844.2162
2015-01-09,92,no_weather,6890.7239
2015-01-09,93,no_weather,6344.7397
2015-01-09,94,no_weather,6351.8387
2015-01-09,95,no_weather,5750.3846
2015-01-10,0,no_weather,5191.0059
2015-01-10,1,no_weather,4869.9503
2015-01-10,2,no_weather,4700.7211
2015-01-10,3,no_weather,4453.3689
2015-01-10,4,no_weather,4434.2219
2015-01-10,5,no_weather,4423.2062
2015-01-10,6,no_weather,4413.7598
2015-01-10,7,no_weather,4366.0976
2015-01-10,8,no_weather,4298.9940
2015-01-10,9,no_weather,4269.2092
2015-01-10,10,no_weather,4268.7513
2015-01-10,11,no_weather,4208.5110
2015-01-10,12,no_weather,4273.9750
2015-01-10,13,no_weather,4274.4359
2015-01-10,14,no_weather,4244.5788
2015-01-10,15,no_weather,4244.5788
2015-01-10,16,no_weather,4244.5788
2015-01-10,17,no_weather,4243.6169
2015-01-10,18,no_weather,4217.1772
2015-01-10,19,no_weather,4217.1772
2015-01-10,20,no_weather,4217.1772
2015-01-10,21,no_weather,4217.1772
2015-01-10,22,no_weather,4217.1772
2015-01-10,23,no_weather,4217.1772
2015-01-10,24,no_weather,4243.6169
2015-01-10,25,no_weather,4207.7356
2015-01-10,26,no_weather,4260.6389
2015-01-10,27,no_weather,4304.0878
2015-01-10,28,no_weather,4319.1020
2015-01-10,29,no_weather,4657.1863
2015-01-10,30,no_weather,5001.0160
2015-01-10,31,no_weather,5470.4011
2015-01-10,32,no_weather,5993.0790
2015-01-10,33,no_weather,6966.4673
2015-01-10,34,no_weather,7282.4873
2015-01-10,35,no_weather,7664.0851
2015-01-10,36,no_weather,7795.3391
2015-01-10,37,no_weather,7854.5237
2015-01-10,38,no_weather,7890.3647
2015-01-10,39,no_weather,7839.5407
2015-01-10,40,no_weather,7868.2815
2015-01-10,41,no_weather,7864.9001
2015-01-10,42,no_weather,7838.4059
2015-01-10,43,no_weather,7951.7049
2015-01-10,44,no_weather,7951.7049
2015-01-10,45,no_weather,7811.4759
2015-01-10,46,no_weather,8058.4646
2015-01-10,47,no_weather,7895.4453
2015-01-10,48,no_weather,6785.6886
2015-01-10,49,no_weather,6184.4662
2015-01-10,50,no_weather,6131.3059
2015-01-10,51,no_weather,6179.8182
2015-01-10,52,no_weather,6103.5181
2015-01-10,53,no_weather,6256.9075
2015-01-10,54,no_weather,6409.3159
2015-01-10,55,no_weather,7451.7350
2015-01-10,56,no_weather,7764.4306
2015-01-10,57,no_weather,7886.6245
2015-01-10,58,no_weather,7876.5828
2015-01-10,59,no_weather,7959.8522
2015-01-10,60,no_weather,7882.5330
2015-01-10,61,no_weather,7829.3459
2015-01-10,62,no_weather,7819.9945
2015-01-10,63,no_weather,7963.2341
2015-01-10,64,no_weather,7976.2665
2015-01-10,65,no_weather,7996.0777
2015-01-10,66,no_weather,8109.6307
2015-01-10,67,no_weather,7986.5061
2015-01-10,68,no_weather,7778.4493
2015-01-10,69,no_weather,7780.0436
2015-01-10,70,no_weather,7395.1359
2015-01-10,71,no_weather,6758.6912
2015-01-10,72,no_weather,6828.8888
2015-01-10,73,no_weather,7195.7562
2015-01-10,74,no_weather,7492.9591
2015-01-10,75,no_weather,7543.3908
2015-01-10,76,no_weather,7543.3908
2015-01-10,77,no_weather,7543.3908
2015-01-10,78,no_weather,7576.5356
2015-01-10,79,no_weather,7496.7682
2015-01-10,80,no_weather,7328.9613
2015-01-10,81,no_weather,7269.7546
2015-01-10,82,no_weather,7269.0003
2015-01-10,83,no_weather,7256.0312
2015-01-10,84,no_weather,7211.1397
2015-01-10,85,no_weather,7215.3278
2015-01-10,86,no_weather,7047.9786
2015-01-10,87,no_weather,6645.0117
2015-01-10,88,no_weather,6307.6910
2015-01-10,89,no_weather,6298.6079
2015-01-10,90,no_weather,6325.5209
2015-01-10,91,no_weather,6188.0265
2015-01-10,92,no_weather,6054.8731
2015-01-10,93,no_weather,6069.4319
2015-01-10,94,no_weather,5609.0144
2015-01-10,95,no_weather,5351.1916
2015-01-04,0,mean_temp_quad,5382.6125
2015-01-04,1,mean_temp_quad,5153.2030
2015-01-04,2,mean_temp_quad,5062.9557
2015-01-04,3,mean_temp_quad,4962.6871
2015-01-04,4,mean_temp_quad,4876.4026
2015-01-04,5,mean_temp_quad,4831.9939
2015-01-04,6,mean_temp_quad,4750.7413
2015-01-04,7,mean_temp_quad,4692.8010
2015-01-04,8,mean_temp_quad,4677.2908
2015-01-04,9,mean_temp_quad,4585.7072
2015-01-04,10,mean_temp_quad,4573.2001
2015-01-04,11,mean_temp_quad,4525.2741
2015-01-04,12,mean_temp_quad,4522.4864
2015-01-04,13,mean_temp_quad,4512.3367
2015-01-04,14,mean_temp_quad,4517.3164
2015-01-04,15,mean_temp_quad,4517.3164
2015-01-04,16,mean_temp_quad,4482.5358
2015-01-04,17,mean_temp_quad,4457.6273
2015-01-04,18,mean_temp_quad,4457.6273
2015-01-04,19,mean_temp_quad,4457.7786
2015-01-04,20,mean_temp_quad,4457.7786
2015-01-04,21,mean_temp_quad,4457.7786
2015-01-04,22,mean_temp_quad,4457.7786
2015-01-04,23,mean_temp_quad,4457.7786
2015-01-04,24,mean_temp_quad,4457.7786
2015-01-04,25,mean_temp_quad,4457.7786
2015-01-04,26,mean_temp_quad,4482.0001
2015-01-04,27,mean_temp_quad,4487.2231
2015-01-04,28,mean_temp_quad,4624.5465
2015-01-04,29,mean_temp_quad,4735.3736
2015-01-04,30,mean_temp_quad,4836.9823
2015-01-04,31,mean_temp_quad,5061.0130
2015-01-04,32,mean_temp_quad,5624.8198
2015-01-04,33,mean_temp_quad,6122.3061
2015-01-04,34,mean_temp_quad,6469.3015
2015-01-04,35,mean_temp_quad,6543.2981
2015-01-04,36,mean_temp_quad,6724.6021
2015-01-04,37,mean_temp_quad,6883.0965
2015-01-04,38,mean_temp_quad,7023.0058
2015-01-04,39,mean_temp_quad,7100.8377
2015-01-04,40,mean_temp_quad,7088.8142
2015-01-04,41,mean_temp_quad,7198.4499
2015-01-04,42,mean_temp_quad,7254.6717
2015-01-04,43,mean_temp_quad,7311.8848
2015-01-04,44,mean_temp_quad,7311.8848
2015-01-04,45,mean_temp_quad,7318.2235
2015-01-04,46,mean_temp_quad,7256.1844
2015-01-04,47,mean_temp_quad,7053.6585
2015-01-04,48,mean_temp_quad,6193.8419
2015-01-04,49,mean_temp_quad,5880.5125
2015-01-04,50,mean_temp_quad,5840.6564
2015-01-04,51,mean_temp_quad,5831.3869
2015-01-04,52,mean_temp_quad,5781.8795
2015-01-04,53,mean_temp_quad,5923.3727
2015-01-04,54,mean_temp_quad,6060.3150
2015-01-04,55,mean_temp_quad,6568.4839
2015-01-04,56,mean_temp_quad,6612.6780
2015-01-04,57,mean_temp_quad,6665.0010
2015-01-04,58,mean_temp_quad,6810.3817
2015-01-04,59,mean_temp_quad,6836.0192
2015-01-04,60,mean_temp_quad,6869.5204
2015-01-04,61,mean_temp_quad,7018.5715
2015-01-04,62,mean_temp_quad,6997.1191
2015-01-04,63,mean_temp_quad,6912.0582
2015-01-04,64,mean_temp_quad,7054.0251
2015-01-04,65,mean_temp_quad,7150.1643
2015-01-04,66,mean_temp_quad,7138.1409
2015-01-04,67,mean_temp_quad,7147.8323
2015-01-04,68,mean_temp_quad,7141.4989
2015-01-04,69,mean_temp_quad,7107.0076
2015-01-04,70,mean_temp_quad,6590.1123
2015-01-04,71,mean_temp_quad,6415.3395
2015-01-04,72,mean_temp_quad,6404.7030
2015-01-04,73,mean_temp_quad,6460.2984
2015-01-04,74,mean_temp_quad,6523.5800
2015-01-04,75,mean_temp_quad,6595.1446
2015-01-04,76,mean_temp_quad,6513.7493
2015-01-04,77,mean_temp_quad,6503.7357
2015-01-04,78,mean_temp_quad,6487.9356
2015-01-04,79,mean_temp_quad,6392.6634
2015-01-04,80,mean_temp_quad,6383.8830
2015-01-04,81,mean_temp_quad,6345.0975
2015-01-04,82,mean_temp_quad,6369.3527
2015-01-04,83,mean_temp_quad,6340.8582
2015-01-04,84,mean_temp_quad,6340.8582
2015-01-04,85,mean_temp_quad,6340.8582
2015-01-04,86,mean_temp_quad,6092.1823
2015-01-04,87,mean_temp_quad,6066.4148
2015-01-04,88,mean_temp_quad,5977.0509
2015-01-04,89,mean_temp_quad,5952.3890
2015-01-04,90,mean_temp_quad,5846.1469
2015-01-04,91,mean_temp_quad,5744.2763
2015-01-04,92,mean_temp_quad,5598.9909
2015-01-04,93,mean_temp_quad,5338.4607
2015-01-04,94,mean_temp_quad,5030.4601
2015-01-04,95,mean_temp_quad,4860.2166
2015-01-05,0,mean_temp_quad,4793.7524
2015-01-05,1,mean_temp_quad,4676.4140
2015-01-05,2,mean_temp_quad,4674.7775
2015-01-05,3,mean_temp_quad,4624.6555
2015-01-05,4,mean_temp_quad,4559.1788
2015-01-05,5,mean_temp_quad,4556.2040
2015-01-05,6,mean_temp_quad,4449.1354
2015-01-05,7,mean_temp_quad,4328.5866
2015-01-05,8,mean_temp_quad,4353.1643
2015-01-05,9,mean_temp_quad,4298.3728
2015-01-05,10,mean_temp_quad,4244.0219
2015-01-05,11,mean_temp_quad,4210.8861
2015-01-05,12,mean_temp_quad,4074.8934
2015-01-05,13,mean_temp_quad,4075.5160
2015-01-05,14,mean_temp_quad,4053.8110
2015-01-05,15,mean_temp_quad,4007.8459
2015-01-05,16,mean_temp_quad,4007.8459
2015-01-05,17,mean_temp_quad,4007.8459
2015-01-05,18,mean_temp_quad,4007.8459
2015-01-05,19,mean_temp_quad,3939.2640
2015-01-05,20,mean_temp_quad,4007.9972
2015-01-05,21,mean_temp_quad,4007.9972
2015-01-05,22,mean_temp_quad,3988.1837
2015-01-05,23,mean_temp_quad,4034.1488
2015-01-05,24,mean_temp_quad,4139.8427
2015-01-05,25,mean_temp_quad,4259.3202
2015-01-05,26,mean_temp_quad,4331.3362
2015-01-05,27,mean_temp_quad,4360.5966
2015-01-05,28,mean_temp_quad,4617.1756
2015-01-05,29,mean_temp_quad,4883.0851
2015-01-05,30,mean_temp_quad,5227.7040
2015-01-05,31,mean_temp_quad,5617.0032
2015-01-05,32,mean_temp_quad,6296.3374
2015-01-05,33,mean_temp_quad,7617.0920
2015-01-05,34,mean_temp_quad,7925.3534
2015-01-05,35,mean_temp_quad,8104.0175
2015-01-05,36,mean_temp_quad,8259.6391
2015-01-05,37,mean_temp_quad,8293.4839
2015-01-05,38,mean_temp_quad,8293.4839
2015-01-05,39,mean_temp_quad,8321.2297
2015-01-05,40,mean_temp_quad,8405.9037
2015-01-05,41,mean_temp_quad,8405.9037
2015-01-05,42,mean_temp_quad,8376.0616
2015-01-05,43,mean_temp_quad,8368.7341
2015-01-05,44,mean_temp_quad,8368.7341
2015-01-05,45,mean_temp_quad,8339.0166
2015-01-05,46,mean_temp_quad,8312.4565
2015-01-05,47,mean_temp_quad,8214.0790
2015-01-05,48,mean_temp_quad,7363.0747
2015-01-05,49,mean_temp_quad,6176.9232
2015-01-05,50,mean_temp_quad,6176.0893
2015-01-05,51,mean_temp_quad,6161.6503
2015-01-05,52,mean_temp_quad,6182.6132
2015-01-05,53,mean_temp_quad,6317.7554
2015-01-05,54,mean_temp_quad,7214.5060
2015-01-05,55,mean_temp_quad,7954.4275
2015-01-05,56,mean_temp_quad,8104.0537
2015-01-05,57,mean_temp_quad,8228.6207
2015-01-05,58,mean_temp_quad,8282.8430
2015-01-05,59,mean_temp_quad,8282.8430
2015-01-05,60,mean_temp_quad,8284.4625
2015-01-05,61,mean_temp_quad,8294.8511
2015-01-05,62,mean_temp_quad,8294.4180
2015-01-05,63,mean_temp_quad,8327.3282
2015-01-05,64,mean_temp_quad,8327.3282
2015-01-05,65,mean_temp_quad,8406.6952
2015-01-05,66,mean_temp_quad,8344.5310
2015-01-05,67,mean_temp_quad,8344.5310
2015-01-05,68,mean_temp_quad,8327.3282
2015-01-05,69,mean_temp_quad,8306.6325
2015-01-05,70,mean_temp_quad,7918.0249
2015-01-05,71,mean_temp_quad,7611.9158
2015-01-05,72,mean_temp_quad,7701.3226
2015-01-05,73,mean_temp_quad,7918.0624
2015-01-05,74,mean_temp_quad,8068.7339
2015-01-05,75,mean_temp_quad,8214.5884
2015-01-05,76,mean_temp_quad,8220.9431
2015-01-05,77,mean_temp_quad,8240.7566
2015-01-05,78,mean_temp_quad,8200.8853
2015-01-05,79,mean_temp_quad,8164.8272
2015-01-05,80,mean_temp_quad,8068.7339
2015-01-05,81,mean_temp_quad,8068.7339
2015-01-05,82,mean_temp_quad,8068.7339
2015-01-05,83,mean_temp_quad,7992.4460
2015-01-05,84,mean_temp_quad,7947.3421
2015-01-05,85,mean_temp_quad,7876.8598
2015-01-05,86,mean_temp_quad,7728.9288
2015-01-05,87,mean_temp_quad,7641.1054
2015-01-05,88,mean_temp_quad,7359.1056
2015-01-05,89,mean_temp_quad,7290.4752
2015-01-05,90,mean_temp_quad,6813.8537
2015-01-05,91,mean_temp_quad,6421.1404
2015-01-05,92,mean_temp_quad,6047.2519
2015-01-05,93,mean_temp_quad,5965.3070
2015-01-05,94,mean_temp_quad,5788.6197
2015-01-05,95,mean_temp_quad,5525.5327
2015-01-06,0,mean_temp_quad,5511.1441
2015-01-06,1,mean_temp_quad,5247.5102
2015-01-06,2,mean_temp_quad,5197.0694
2015-01-06,3,mean_temp_quad,5042.6123
2015-01-06,4,mean_temp_quad,5017.7127
2015-01-06,5,mean_temp_quad,4978.0993
2015-01-06,6,mean_temp_quad,4856.5677
2015-01-06,7,mean_temp_quad,4838.2410
2015-01-06,8,mean_temp_quad,4711.9144
2015-01-06,9,mean_temp_quad,4711.9144
2015-01-06,10,mean_temp_quad,4716.7598
2015-01-06,11,mean_temp_quad,4684.6795
2015-01-06,12,mean_temp_quad,4655.0966
2015-01-06,13,mean_temp_quad,4646.1963
2015-01-06,14,mean_temp_quad,4600.2697
2015-01-06,15,mean_temp_quad,4600.2697
2015-01-06,16,mean_temp_quad,4600.2697
2015-01-06,17,mean_temp_quad,4600.2697
2015-01-06,18,mean_temp_quad,4600.2697
2015-01-06,19,mean_temp_quad,4600.4210
2015-01-06,20,mean_temp_quad,4600.4210
2015-01-06,21,mean_temp_quad,4600.4210
2015-01-06,22,mean_temp_quad,4600.4210
2015-01-06,23,mean_temp_quad,4600.4210
2015-01-06,24,mean_temp_quad,4624.6426
2015-01-06,25,mean_temp_quad,4648.5382
2015-01-06,26,mean_temp_quad,4631.1856
2015-01-06,27,mean_temp_quad,4773.5035
2015-01-06,28,mean_temp_quad,4980.1251
2015-01-06,29,mean_temp_quad,5450.2087
2015-01-06,30,mean_temp_quad,5754.9505
2015-01-06,31,mean_temp_quad,5841.2823
2015-01-06,32,mean_temp_quad,6401.1165
2015-01-06,33,mean_temp_quad,7843.2102
2015-01-06,34,mean_temp_quad,8019.6077
2015-01-06,35,mean_temp_quad,8350.6833
2015-01-06,36,mean_temp_quad,8366.0224
2015-01-06,37,mean_temp_quad,8321.7872
2015-01-06,38,mean_temp_quad,8237.2341
2015-01-06,39,mean_temp_quad,8113.5432
2015-01-06,40,mean_temp_quad,8144.5682
2015-01-06,41,mean_temp_quad,8144.5682
2015-01-06,42,mean_temp_quad,8179.6574
2015-01-06,43,mean_temp_quad,8202.9682
2015-01-06,44,mean_temp_quad,8202.9682
2015-01-06,45,mean_temp_quad,8197.5964
2015-01-06,46,mean_temp_quad,8091.8097
2015-01-06,47,mean_temp_quad,8226.5484
2015-01-06,48,mean_temp_quad,7164.4885
2015-01-06,49,mean_temp_quad,6290.1913
2015-01-06,50,mean_temp_quad,6201.6695
2015-01-06,51,mean_temp_quad,6169.5607
2015-01-06,52,mean_temp_quad,6285.9860
2015-01-06,53,mean_temp_quad,6334.3398
2015-01-06,54,mean_temp_quad,7059.6575
2015-01-06,55,mean_temp_quad,7992.8101
2015-01-06,56,mean_temp_quad,8046.2815
2015-01-06,57,mean_temp_quad,8302.2453
2015-01-06,58,mean_temp_quad,8356.9120
2015-01-06,59,mean_temp_quad,8290.1216
2015-01-06,60,mean_temp_quad,8273.7703
2015-01-06,61,mean_temp_quad,8237.9128
2015-01-06,62,mean_temp_quad,8070.4304
2015-01-06,63,mean_temp_quad,8097.5136
2015-01-06,64,mean_temp_quad,8148.8371
2015-01-06,65,mean_temp_quad,8148.8371
2015-01-06,66,mean_temp_quad,8195.1317
2015-01-06,67,mean_temp_quad,8195.1317
2015-01-06,68,mean_temp_quad,8164.1068
2015-01-06,69,mean_temp_quad,8066.3721
2015-01-06,70,mean_temp_quad,8020.1585
2015-01-06,71,mean_temp_quad,7712.1877
2015-01-06,72,mean_temp_quad,7740.8343
2015-01-06,73,mean_temp_quad,7884.8160
2015-01-06,74,mean_temp_quad,8123.1033
2015-01-06,75,mean_temp_quad,8294.7656
2015-01-06,76,mean_temp_quad,8293.5100
2015-01-06,77,mean_temp_quad,8293.5100
2015-01-06,78,mean_temp_quad,8232.5625
2015-01-06,79,mean_temp_quad,8237.5597
2015-01-06,80,mean_temp_quad,8184.1091
2015-01-06,81,mean_temp_quad,8123.1033
2015-01-06,82,mean_temp_quad,8123.1033
2015-01-06,83,mean_temp_quad,8000.5612
2015-01-06,84,mean_temp_quad,7969.7867
2015-01-06,85,mean_temp_quad,7858.9846
2015-01-06,86,mean_temp_quad,7730.5888
2015-01-06,87,mean_temp_quad,7597.3115
2015-01-06,88,mean_temp_quad,7245.3037
2015-01-06,89,mean_temp_quad,7078.4336
2015-01-06,90,mean_temp_quad,6635.7758
2015-01-06,91,mean_temp_quad,6300.6655
2015-01-06,92,mean_temp_quad,6085.5492
2015-01-06,93,mean_temp_quad,6002.1051
2015-01-06,94,mean_temp_quad,6103.9985
2015-01-06,95,mean_temp_quad,5764.7373
2015-01-07,0,mean_temp_quad,5375.3014
2015-01-07,1,mean_temp_quad,5090.1263
2015-01-07,2,mean_temp_quad,5018.3890
2015-01-07,3,mean_temp_quad,4950.8208
2015-01-07,4,mean_temp_quad,4867.7081
2015-01-07,5,mean_temp_quad,4865.2471
2015-01-07,6,mean_temp_quad,4752.7676
2015-01-07,7,mean_temp_quad,4734.4744
2015-01-07,8,mean_temp_quad,4733.3476
2015-01-07,9,mean_temp_quad,4675.4762
2015-01-07,10,mean_temp_quad,4698.7732
2015-01-07,11,mean_temp_quad,4639.3177
2015-01-07,12,mean_temp_quad,4606.5954
2015-01-07,13,mean_temp_quad,4596.4457
2015-01-07,14,mean_temp_quad,4541.3415
2015-01-07,15,mean_temp_quad,4541.3415
2015-01-07,16,mean_temp_quad,4505.4255
2015-01-07,17,mean_temp_quad,4397.6547
2015-01-07,18,mean_temp_quad,4397.6547
2015-01-07,19,mean_temp_quad,4397.8060
2015-01-07,20,mean_temp_quad,4397.8060
2015-01-07,21,mean_temp_quad,4397.8060
2015-01-07,22,mean_temp_quad,4397.8060
2015-01-07,23,mean_temp_quad,4397.8060
2015-01-07,24,mean_temp_quad,4524.1409
2015-01-07,25,mean_temp_quad,4577.2955
2015-01-07,26,mean_temp_quad,4669.8622
2015-01-07,27,mean_temp_quad,4694.4149
2015-01-07,28,mean_temp_quad,4817.2649
2015-01-07,29,mean_temp_quad,5245.0750
2015-01-07,30,mean_temp_quad,6099.4545
2015-01-07,31,mean_temp_quad,6178.9948
2015-01-07,32,mean_temp_quad,6021.0913
2015-01-07,33,mean_temp_quad,7426.6625
2015-01-07,34,mean_temp_quad,8043.7981
2015-01-07,35,mean_temp_quad,8204.8506
2015-01-07,36,mean_temp_quad,8246.9101
2015-01-07,37,mean_temp_quad,8256.1301
2015-01-07,38,mean_temp_quad,8207.9389
2015-01-07,39,mean_temp_quad,8252.6146
2015-01-07,40,mean_temp_quad,8282.3321
2015-01-07,41,mean_temp_quad,8282.3321
2015-01-07,42,mean_temp_quad,8320.6013
2015-01-07,43,mean_temp_quad,8320.6013
2015-01-07,44,mean_temp_quad,8320.6013
2015-01-07,45,mean_temp_quad,8320.6013
2015-01-07,46,mean_temp_quad,8207.9389
2015-01-07,47,mean_temp_quad,8201.9965
2015-01-07,48,mean_temp_quad,6542.1532
2015-01-07,49,mean_temp_quad,6174.7859
2015-01-07,50,mean_temp_quad,6232.8800
2015-01-07,51,mean_temp_quad,6214.8774
2015-01-07,52,mean_temp_quad,6232.8800
2015-01-07,53,mean_temp_quad,6253.9011
2015-01-07,54,mean_temp_quad,6427.9811
2015-01-07,55,mean_temp_quad,7681.3122
2015-01-07,56,mean_temp_quad,7697.8048
2015-01-07,57,mean_temp_quad,7865.6065
2015-01-07,58,mean_temp_quad,7911.0271
2015-01-07,59,mean_temp_quad,7911.0271
2015-01-07,60,mean_temp_quad,7867.1944
2015-01-07,61,mean_temp_quad,7886.0558
2015-01-07,62,mean_temp_quad,7778.3132
2015-01-07,63,mean_temp_quad,8130.7490
2015-01-07,64,mean_temp_quad,8133.0026
2015-01-07,65,mean_temp_quad,8234.6626
2015-01-07,66,mean_temp_quad,8234.6626
2015-01-07,67,mean_temp_quad,8232.8156
2015-01-07,68,mean_temp_quad,7565.7160
2015-01-07,69,mean_temp_quad,7268.6967
2015-01-07,70,mean_temp_quad,7391.4714
2015-01-07,71,mean_temp_quad,6930.5248
2015-01-07,72,mean_temp_quad,6904.0768
2015-01-07,73,mean_temp_quad,7377.4219
2015-01-07,74,mean_temp_quad,8105.4574
2015-01-07,75,mean_temp_quad,8057.4855
2015-01-07,76,mean_temp_quad,8057.4855
2015-01-07,77,mean_temp_quad,8024.3976
2015-01-07,78,mean_temp_quad,8023.2621
2015-01-07,79,mean_temp_quad,8317.9046
2015-01-07,80,mean_temp_quad,8097.1272
2015-01-07,81,mean_temp_quad,8036.6099
2015-01-07,82,mean_temp_quad,8036.6099
2015-01-07,83,mean_temp_quad,8089.7870
2015-01-07,84,mean_temp_quad,8165.8935
2015-01-07,85,mean_temp_quad,6829.4824
2015-01-07,86,mean_temp_quad,7002.3166
2015-01-07,87,mean_temp_quad,7158.7086
2015-01-07,88,mean_temp_quad,6826.5738
2015-01-07,89,mean_temp_quad,6890.4889
2015-01-07,90,mean_temp_quad,6826.9107
2015-01-07,91,mean_temp_quad,6468.1118
2015-01-07,92,mean_temp_quad,6224.1730
2015-01-07,93,mean_temp_quad,6120.0565
2015-01-07,94,mean_temp_quad,6038.1387
2015-01-07,95,mean_temp_quad,5482.3938
2015-01-08,0,mean_temp_quad,5001.0802
2015-01-08,1,mean_temp_quad,5079.5529
2015-01-08,2,mean_temp_quad,4920.8875
2015-01-08,3,mean_temp_quad,4886.8588
2015-01-08,4,mean_temp_quad,4859.3077
2015-01-08,5,mean_temp_quad,4841.4655
2015-01-08,6,mean_temp_quad,4709.8914
2015-01-08,7,mean_temp_quad,4636.3386
2015-01-08,8,mean_temp_quad,4607.2427
2015-01-08,9,mean_temp_quad,4607.2427
2015-01-08,10,mean_temp_quad,4616.7717
2015-01-08,11,mean_temp_quad,4543.1415
2015-01-08,12,mean_temp_quad,4442.8094
2015-01-08,13,mean_temp_quad,4430.6255
2015-01-08,14,mean_temp_quad,4390.3564
2015-01-08,15,mean_temp_quad,4390.3564
2015-01-08,16,mean_temp_quad,4461.3236
2015-01-08,17,mean_temp_quad,4490.4708
2015-01-08,18,mean_temp_quad,4574.8398
2015-01-08,19,mean_temp_quad,4574.9911
2015-01-08,20,mean_temp_quad,4574.9911
2015-01-08,21,mean_temp_quad,4574.9911
2015-01-08,22,mean_temp_quad,4574.9911
2015-01-08,23,mean_temp_quad,4574.9911
2015-01-08,24,mean_temp_quad,4579.7484
2015-01-08,25,mean_temp_quad,4638.3616
2015-01-08,26,mean_temp_quad,4719.6941
2015-01-08,27,mean_temp_quad,4712.3668
2015-01-08,28,mean_temp_quad,4802.6705
2015-01-08,29,mean_temp_quad,5209.5222
2015-01-08,30,mean_temp_quad,5253.2973
2015-01-08,31,mean_temp_quad,5689.8008
2015-01-08,32,mean_temp_quad,5731.8279
2015-01-08,33,mean_temp_quad,8203.2925
2015-01-08,34,mean_temp_quad,8351.1362
2015-01-08,35,mean_temp_quad,8300.6116
2015-01-08,36,mean_temp_quad,8284.5630
2015-01-08,37,mean_temp_quad,8226.7084
2015-01-08,38,mean_temp_quad,8334.5452
2015-01-08,39,mean_temp_quad,8360.1876
2015-01-08,40,mean_temp_quad,8392.6793
2015-01-08,41,mean_temp_quad,8406.1665
2015-01-08,42,mean_temp_quad,8425.4032
2015-01-08,43,mean_temp_quad,8425.4032
2015-01-08,44,mean_temp_quad,8425.4032
2015-01-08,45,mean_temp_quad,8425.4032
2015-01-08,46,mean_temp_quad,8359.0045
2015-01-08,47,mean_temp_quad,8417.9774
2015-01-08,48,mean_temp_quad,6459.3093
2015-01-08,49,mean_temp_quad,6196.6710
2015-01-08,50,mean_temp_quad,6168.3456
2015-01-08,51,mean_temp_quad,6149.1647
2015-01-08,52,mean_temp_quad,6074.1814
2015-01-08,53,mean_temp_quad,6083.0950
2015-01-08,54,mean_temp_quad,6384.4127
2015-01-08,55,mean_temp_quad,8426.1078
2015-01-08,56,mean_temp_quad,8438.9818
2015-01-08,57,mean_temp_quad,8452.7480
2015-01-08,58,mean_temp_quad,8445.8401
2015-01-08,59,mean_temp_quad,8475.4698
2015-01-08,60,mean_temp_quad,8475.4698
2015-01-08,61,mean_temp_quad,8306.2644
2015-01-08,62,mean_temp_quad,8230.1120
2015-01-08,63,mean_temp_quad,8257.7052
2015-01-08,64,mean_temp_quad,8370.5908
2015-01-08,65,mean_temp_quad,8378.6231
2015-01-08,66,mean_temp_quad,8416.5697
2015-01-08,67,mean_temp_quad,8403.0825
2015-01-08,68,mean_temp_quad,8359.8226
2015-01-08,69,mean_temp_quad,8233.4935
2015-01-08,70,mean_temp_quad,8347.2519
2015-01-08,71,mean_temp_quad,8429.8677
2015-01-08,72,mean_temp_quad,8428.8337
2015-01-08,73,mean_temp_quad,8409.6918
2015-01-08,74,mean_temp_quad,8344.8710
2015-01-08,75,mean_temp_quad,8326.4393
2015-01-08,76,mean_temp_quad,8326.4393
2015-01-08,77,mean_temp_quad,8328.0573
2015-01-08,78,mean_temp_quad,8322.1895
2015-01-08,79,mean_temp_quad,8310.9090
2015-01-08,80,mean_temp_quad,8340.6212
2015-01-08,81,mean_temp_quad,8344.8710
2015-01-08,82,mean_temp_quad,8344.8710
2015-01-08,83,mean_temp_quad,8338.3800
2015-01-08,84,mean_temp_quad,8386.3384
2015-01-08,85,mean_temp_quad,8525.1294
2015-01-08,86,mean_temp_quad,8522.8077
2015-01-08,87,mean_temp_quad,7860.0536
2015-01-08,88,mean_temp_quad,6642.4156
2015-01-08,89,mean_temp_quad,6594.6333
2015-01-08,90,mean_temp_quad,6370.8432
2015-01-08,91,mean_temp_quad,6160.7306
2015-01-08,92,mean_temp_quad,6040.7715
2015-01-08,93,mean_temp_quad,6013.0027
2015-01-08,94,mean_temp_quad,5832.2597
2015-01-08,95,mean_temp_quad,5491.6916
2015-01-09,0,mean_temp_quad,5313.5047
2015-01-09,1,mean_temp_quad,5158.0765
2015-01-09,2,mean_temp_quad,5019.4879
2015-01-09,3,mean_temp_quad,5009.7029
2015-01-09,4,mean_temp_quad,5009.7029
2015-01-09,5,mean_temp_quad,5009.7029
2015-01-09,6,mean_temp_quad,4855.1236
2015-01-09,7,mean_temp_quad,4806.5044
2015-01-09,8,mean_temp_quad,4777.4084
2015-01-09,9,mean_temp_quad,4777.4084
2015-01-09,10,mean_temp_quad,4751.3534
2015-01-09,11,mean_temp_quad,4686.3826
2015-01-09,12,mean_temp_quad,4672.9417
2015-01-09,13,mean_temp_quad,4640.0017
2015-01-09,14,mean_temp_quad,4618.2967
2015-01-09,15,mean_temp_quad,4571.8065
2015-01-09,16,mean_temp_quad,4571.8065
2015-01-09,17,mean_temp_quad,4571.8065
2015-01-09,18,mean_temp_quad,4571.8065
2015-01-09,19,mean_temp_quad,4571.9578
2015-01-09,20,mean_temp_quad,4571.9578
2015-01-09,21,mean_temp_quad,4571.9578
2015-01-09,22,mean_temp_quad,4571.9578
2015-01-09,23,mean_temp_quad,4618.4480
2015-01-09,24,mean_temp_quad,4618.4480
2015-01-09,25,mean_temp_quad,4618.7031
2015-01-09,26,mean_temp_quad,4707.7621
2015-01-09,27,mean_temp_quad,4700.4348
2015-01-09,28,mean_temp_quad,4815.2421
2015-01-09,29,mean_temp_quad,5124.7447
2015-01-09,30,mean_temp_quad,5202.7101
2015-01-09,31,mean_temp_quad,5687.8373
2015-01-09,32,mean_temp_quad,6049.8081
2015-01-09,33,mean_temp_quad,8084.9467
2015-01-09,34,mean_temp_quad,8207.0117
2015-01-09,35,mean_temp_quad,8426.6196
2015-01-09,36,mean_temp_quad,8411.5270
2015-01-09,37,mean_temp_quad,8071.0047
2015-01-09,38,mean_temp_quad,7708.1102
2015-01-09,39,mean_temp_quad,7732.3020
2015-01-09,40,mean_temp_quad,7538.0295
2015-01-09,41,mean_temp_quad,7630.6239
2015-01-09,42,mean_temp_quad,7630.6239
2015-01-09,43,mean_temp_quad,7630.6239
2015-01-09,44,mean_temp_quad,7630.6239
2015-01-09,45,mean_temp_quad,7283.8252
2015-01-09,46,mean_temp_quad,7689.8953
2015-01-09,47,mean_temp_quad,8131.9050
2015-01-09,48,mean_temp_quad,6926.5706
2015-01-09,49,mean_temp_quad,6484.3807
2015-01-09,50,mean_temp_quad,6435.4579
2015-01-09,51,mean_temp_quad,6404.5786
2015-01-09,52,mean_temp_quad,6451.1053
2015-01-09,53,mean_temp_quad,6442.2820
2015-01-09,54,mean_temp_quad,7071.3851
2015-01-09,55,mean_temp_quad,8340.7168
2015-01-09,56,mean_temp_quad,8604.2444
2015-01-09,57,mean_temp_quad,8257.8147
2015-01-09,58,mean_temp_quad,8263.3268
2015-01-09,59,mean_temp_quad,7931.2234
2015-01-09,60,mean_temp_quad,7932.2907
2015-01-09,61,mean_temp_quad,7951.1521
2015-01-09,62,mean_temp_quad,7781.9467
2015-01-09,63,mean_temp_quad,7735.6761
2015-01-09,64,mean_temp_quad,7731.9370
2015-01-09,65,mean_temp_quad,7529.6321
2015-01-09,66,mean_temp_quad,7529.6321
2015-01-09,67,mean_temp_quad,7537.6644
2015-01-09,68,mean_temp_quad,7529.6321
2015-01-09,69,mean_temp_quad,7986.7457
2015-01-09,70,mean_temp_quad,7741.7438
2015-01-09,71,mean_temp_quad,7272.2411
2015-01-09,72,mean_temp_quad,7282.4858
2015-01-09,73,mean_temp_quad,7552.7849
2015-01-09,74,mean_temp_quad,7856.1239
2015-01-09,75,mean_temp_quad,7863.7763
2015-01-09,76,mean_temp_quad,7877.2636
2015-01-09,77,mean_temp_quad,7485.9830
2015-01-09,78,mean_temp_quad,7862.6408
2015-01-09,79,mean_temp_quad,7947.3421
2015-01-09,80,mean_temp_quad,7855.7174
2015-01-09,81,mean_temp_quad,7481.7772
2015-01-09,82,mean_temp_quad,7948.3117
2015-01-09,83,mean_temp_quad,7502.3820
2015-01-09,84,mean_temp_quad,7748.9964
2015-01-09,85,mean_temp_quad,7303.1258
2015-01-09,86,mean_temp_quad,7422.9514
2015-01-09,87,mean_temp_quad,7212.4598
2015-01-09,88,mean_temp_quad,6910.8823
2015-01-09,89,mean_temp_quad,6865.6636
2015-01-09,90,mean_temp_quad,6627.5695
2015-01-09,91,mean_temp_quad,6660.1585
2015-01-09,92,mean_temp_quad,6561.2285
2015-01-09,93,mean_temp_quad,6226.8709
2015-01-09,94,mean_temp_quad,6034.7500
2015-01-09,95,mean_temp_quad,5629.0014
2015-01-10,0,mean_temp_quad,5071.4723
2015-01-10,1,mean_temp_quad,4840.0129
2015-01-10,2,mean_temp_quad,4730.8055
2015-01-10,3,mean_temp_quad,4634.7850
2015-01-10,4,mean_temp_quad,4618.1177
2015-01-10,5,mean_temp_quad,4636.5473
2015-01-10,6,mean_temp_quad,4488.6199
2015-01-10,7,mean_temp_quad,4446.8968
2015-01-10,8,mean_temp_quad,4459.2467
2015-01-10,9,mean_temp_quad,4434.5083
2015-01-10,10,mean_temp_quad,4363.9589
2015-01-10,11,mean_temp_quad,4289.5219
2015-01-10,12,mean_temp_quad,4218.3267
2015-01-10,13,mean_temp_quad,4218.9493
2015-01-10,14,mean_temp_quad,4197.2443
2015-01-10,15,mean_temp_quad,4197.2443
2015-01-10,16,mean_temp_quad,4197.2443
2015-01-10,17,mean_temp_quad,4197.2443
2015-01-10,18,mean_temp_quad,4197.2443
2015-01-10,19,mean_temp_quad,4197.3956
2015-01-10,20,mean_temp_quad,4197.3956
2015-01-10,21,mean_temp_quad,4197.3956
2015-01-10,22,mean_temp_quad,4197.3956
2015-01-10,23,mean_temp_quad,4197.3956
2015-01-10,24,mean_temp_quad,4197.3956
2015-01-10,25,mean_temp_quad,4222.3292
2015-01-10,26,mean_temp_quad,4246.7552
2015-01-10,27,mean_temp_quad,4353.9354
2015-01-10,28,mean_temp_quad,4500.1311
2015-01-10,29,mean_temp_quad,4657.4924
2015-01-10,30,mean_temp_quad,5037.9472
2015-01-10,31,mean_temp_quad,5606.7895
2015-01-10,32,mean_temp_quad,5719.8414
2015-01-10,33,mean_temp_quad,6870.4355
2015-01-10,34,mean_temp_quad,7341.4053
2015-01-10,35,mean_temp_quad,7825.2254
2015-01-10,36,mean_temp_quad,7930.4341
2015-01-10,37,mean_temp_quad,8051.2046
2015-01-10,38,mean_temp_quad,8107.3018
2015-01-10,39,mean_temp_quad,7995.7902
2015-01-10,40,mean_temp_quad,7993.9883
2015-01-10,41,mean_temp_quad,8076.4899
2015-01-10,42,mean_temp_quad,7910.4344
2015-01-10,43,mean_temp_quad,7834.2820
2015-01-10,44,mean_temp_quad,7834.2820
2015-01-10,45,mean_temp_quad,7905.3094
2015-01-10,46,mean_temp_quad,8052.8365
2015-01-10,47,mean_temp_quad,7898.3908
2015-01-10,48,mean_temp_quad,6566.2634
2015-01-10,49,mean_temp_quad,5909.9667
2015-01-10,50,mean_temp_quad,5794.7180
2015-01-10,51,mean_temp_quad,5842.9751
2015-01-10,52,mean_temp_quad,5794.7180
2015-01-10,53,mean_temp_quad,6003.2300
2015-01-10,54,mean_temp_quad,6138.4617
2015-01-10,55,mean_temp_quad,7444.2410
2015-01-10,56,mean_temp_quad,7790.9543
2015-01-10,57,mean_temp_quad,7926.6964
2015-01-10,58,mean_temp_quad,7921.6310
2015-01-10,59,mean_temp_quad,7926.6964
2015-01-10,60,mean_temp_quad,7943.4308
2015-01-10,61,mean_temp_quad,7952.0680
2015-01-10,62,mean_temp_quad,7894.6515
2015-01-10,63,mean_temp_quad,8016.5435
2015-01-10,64,mean_temp_quad,8080.8484
2015-01-10,65,mean_temp_quad,8091.9714
2015-01-10,66,mean_temp_quad,8103.8623
2015-01-10,67,mean_temp_quad,8089.7863
2015-01-10,68,mean_temp_quad,7884.7743
2015-01-10,69,mean_temp_quad,7899.6438
2015-01-10,70,mean_temp_quad,7343.0259
2015-01-10,71,mean_temp_quad,6717.7560
2015-01-10,72,mean_temp_quad,6671.7329
2015-01-10,73,mean_temp_quad,7098.0670
2015-01-10,74,mean_temp_quad,7452.2123
2015-01-10,75,mean_temp_quad,7579.7867
2015-01-10,76,mean_temp_quad,7572.2543
2015-01-10,77,mean_temp_quad,7572.2543
2015-01-10,78,mean_temp_quad,7572.2543
2015-01-10,79,mean_temp_quad,7466.9126
2015-01-10,80,mean_temp_quad,7246.7410
2015-01-10,81,mean_temp_quad,7223.4303
2015-01-10,82,mean_temp_quad,7199.1751
2015-01-10,83,mean_temp_quad,7175.6846
2015-01-10,84,mean_temp_quad,7053.9093
2015-01-10,85,mean_temp_quad,6997.8394
2015-01-10,86,mean_temp_quad,6923.9853
2015-01-10,87,mean_temp_quad,6623.5289
2015-01-10,88,mean_temp_quad,6183.9433
2015-01-10,89,mean_temp_quad,6161.5465
2015-01-10,90,mean_temp_quad,6002.0350
2015-01-10,91,mean_temp_quad,5911.7708
2015-01-10,92,mean_temp_quad,5945.0272
2015-01-10,93,mean_temp_quad,6121.9917
2015-01-10,94,mean_temp_quad,5743.5647
2015-01-10,95,mean_temp_quad,5191.6389
2015-01-04,0,mean_temp_quad_hr,5412.4568
2015-01-04,1,mean_temp_quad_hr,5153.3091
2015-01-04,2,mean_temp_quad_hr,5061.5779
2015-01-04,3,mean_temp_quad_hr,4986.4294
2015-01-04,4,mean_temp_quad_hr,4933.7612
2015-01-04,5,mean_temp_quad_hr,4838.4316
2015-01-04,6,mean_temp_quad_hr,4829.0331
2015-01-04,7,mean_temp_quad_hr,4760.2673
2015-01-04,8,mean_temp_quad_hr,4713.3203
2015-01-04,9,mean_temp_quad_hr,4648.0821
2015-01-04,10,mean_temp_quad_hr,4623.3806
2015-01-04,11,mean_temp_quad_hr,4569.8755
2015-01-04,12,mean_temp_quad_hr,4567.4460
2015-01-04,13,mean_temp_quad_hr,4534.4328
2015-01-04,14,mean_temp_quad_hr,4536.3086
2015-01-04,15,mean_temp_quad_hr,4534.2416
2015-01-04,16,mean_temp_quad_hr,4534.2416
2015-01-04,17,mean_temp_quad_hr,4516.2672
2015-01-04,18,mean_temp_quad_hr,4492.1008
2015-01-04,19,mean_temp_quad_hr,4492.1008
2015-01-04,20,mean_temp_quad_hr,4492.1008
2015-01-04,21,mean_temp_quad_hr,4492.1008
2015-01-04,22,mean_temp_quad_hr,4502.5158
2015-01-04,23,mean_temp_quad_hr,4492.1008
2015-01-04,24,mean_temp_quad_hr,4502.5158
2015-01-04,25,mean_temp_quad_hr,4526.6822
2015-01-04,26,mean_temp_quad_hr,4534.2416
2015-01-04,27,mean_temp_quad_hr,4534.2416
2015-01-04,28,mean_temp_quad_hr,4625.4791
2015-01-04,29,mean_temp_quad_hr,4717.4583
2015-01-04,30,mean_temp_quad_hr,4792.3398
2015-01-04,31,mean_temp_quad_hr,5029.1536
2015-01-04,32,mean_temp_quad_hr,5529.3924
2015-01-04,33,mean_temp_quad_hr,6040.4067
2015-01-04,34,mean_temp_quad_hr,6328.7948
2015-01-04,35,mean_temp_quad_hr,6436.0394
2015-01-04,36,mean_temp_quad_hr,6761.6715
2015-01-04,37,mean_temp_quad_hr,6916.2785
2015-01-04,38,mean_temp_quad_hr,7062.0531
2015-01-04,39,mean_temp_quad_hr,7147.7587
2015-01-04,40,mean_temp_quad_hr,7147.7587
2015-01-04,41,mean_temp_quad_hr,7316.7892
2015-01-04,42,mean_temp_quad_hr,7325.9116
2015-01-04,43,mean_temp_quad_hr,7383.1247
2015-01-04,44,mean_temp_quad_hr,7383.1247
2015-01-04,45,mean_temp_quad_hr,7409.6198
2015-01-04,46,mean_temp_quad_hr,7352.4067
2015-01-04,47,mean_temp_quad_hr,7105.7577
2015-01-04,48,mean_temp_quad_hr,6188.4036
2015-01-04,49,mean_temp_quad_hr,5937.0323
2015-01-04,50,mean_temp_quad_hr,5874.4299
2015-01-04,51,mean_temp_quad_hr,5851.9330
2015-01-04,52,mean_temp_quad_hr,5816.5457
2015-01-04,53,mean_temp_quad_hr,5952.1640
2015-01-04,54,mean_temp_quad_hr,6085.4907
2015-01-04,55,mean_temp_quad_hr,6556.6411
2015-01-04,56,mean_temp_quad_hr,6629.8107
2015-01-04,57,mean_temp_quad_hr,6683.2326
2015-01-04,58,mean_temp_quad_hr,6842.3194
2015-01-04,59,mean_temp_quad_hr,6842.3194
2015-01-04,60,mean_temp_quad_hr,6840.1608
2015-01-04,61,mean_temp_quad_hr,6986.3729
2015-01-04,62,mean_temp_quad_hr,7023.9779
2015-01-04,63,mean_temp_quad_hr,7015.4914
2015-01-04,64,mean_temp_quad_hr,7176.2692
2015-01-04,65,mean_temp_quad_hr,7244.0741
2015-01-04,66,mean_temp_quad_hr,7244.0741
2015-01-04,67,mean_temp_quad_hr,7255.0780
2015-01-04,68,mean_temp_quad_hr,7243.8678
2015-01-04,69,mean_temp_quad_hr,7209.3766
2015-01-04,70,mean_temp_quad_hr,6620.2146
2015-01-04,71,mean_temp_quad_hr,6444.8093
2015-01-04,72,mean_temp_quad_hr,6470.2884
2015-01-04,73,mean_temp_quad_hr,6601.4958
2015-01-04,74,mean_temp_quad_hr,6607.3911
2015-01-04,75,mean_temp_quad_hr,6660.5895
2015-01-04,76,mean_temp_quad_hr,6541.0669
2015-01-04,77,mean_temp_quad_hr,6499.8255
2015-01-04,78,mean_temp_quad_hr,6464.9920
2015-01-04,79,mean_temp_quad_hr,6369.7198
2015-01-04,80,mean_temp_quad_hr,6348.5998
2015-01-04,81,mean_temp_quad_hr,6353.9760
2015-01-04,82,mean_temp_quad_hr,6353.9760
2015-01-04,83,mean_temp_quad_hr,6351.1795
2015-01-04,84,mean_temp_quad_hr,6374.4920
2015-01-04,85,mean_temp_quad_hr,6362.2232
2015-01-04,86,mean_temp_quad_hr,6115.9826
2015-01-04,87,mean_temp_quad_hr,6081.6361
2015-01-04,88,mean_temp_quad_hr,6029.7887
2015-01-04,89,mean_temp_quad_hr,6038.9898
2015-01-04,90,mean_temp_quad_hr,5945.3007
2015-01-04,91,mean_temp_quad_hr,5823.8934
2015-01-04,92,mean_temp_quad_hr,5616.4181
2015-01-04,93,mean_temp_quad_hr,5381.2537
2015-01-04,94,mean_temp_quad_hr,5163.6496
2015-01-04,95,mean_temp_quad_hr,4955.2721
2015-01-05,0,mean_temp_quad_hr,4835.2577
2015-01-05,1,mean_temp_quad_hr,4787.8875
2015-01-05,2,mean_temp_quad_hr,4756.7332
2015-01-05,3,mean_temp_quad_hr,4745.9508
2015-01-05,4,mean_temp_quad_hr,4696.2523
2015-01-05,5,mean_temp_quad_hr,4541.0104
2015-01-05,6,mean_temp_quad_hr,4526.0085
2015-01-05,7,mean_temp_quad_hr,4415.0283
2015-01-05,8,mean_temp_quad_hr,4327.8498
2015-01-05,9,mean_temp_quad_hr,4307.1885
2015-01-05,10,mean_temp_quad_hr,4264.3197
2015-01-05,11,mean_temp_quad_hr,4266.3996
2015-01-05,12,mean_temp_quad_hr,4050.0818
2015-01-05,13,mean_temp_quad_hr,4017.0687
2015-01-05,14,mean_temp_quad_hr,4022.7675
2015-01-05,15,mean_temp_quad_hr,3962.5740
2015-01-05,16,mean_temp_quad_hr,3962.5740
2015-01-05,17,mean_temp_quad_hr,3962.5740
2015-01-05,18,mean_temp_quad_hr,3962.5740
2015-01-05,19,mean_temp_quad_hr,3932.1694
2015-01-05,20,mean_temp_quad_hr,3962.5740
2015-01-05,21,mean_temp_quad_hr,3962.5740
2015-01-05,22,mean_temp_quad_hr,3942.0837
2015-01-05,23,mean_temp_quad_hr,4010.0907
2015-01-05,24,mean_temp_quad_hr,4170.6483
2015-01-05,25,mean_temp_quad_hr,4248.0943
2015-01-05,26,mean_temp_quad_hr,4300.2713
2015-01-05,27,mean_temp_quad_hr,4395.2752
2015-01-05,28,mean_temp_quad_hr,4603.9506
2015-01-05,29,mean_temp_quad_hr,4856.5608
2015-01-05,30,mean_temp_quad_hr,5150.0543
2015-01-05,31,mean_temp_quad_hr,5572.2923
2015-01-05,32,mean_temp_quad_hr,6317.8650
2015-01-05,33,mean_temp_quad_hr,7542.9026
2015-01-05,34,mean_temp_quad_hr,7953.3781
2015-01-05,35,mean_temp_quad_hr,8083.5561
2015-01-05,36,mean_temp_quad_hr,8250.7718
2015-01-05,37,mean_temp_quad_hr,8263.8483
2015-01-05,38,mean_temp_quad_hr,8321.3596
2015-01-05,39,mean_temp_quad_hr,8351.6734
2015-01-05,40,mean_temp_quad_hr,8427.8086
2015-01-05,41,mean_temp_quad_hr,8388.5946
2015-01-05,42,mean_temp_quad_hr,8420.9217
2015-01-05,43,mean_temp_quad_hr,8424.5749
2015-01-05,44,mean_temp_quad_hr,8424.5749
2015-01-05,45,mean_temp_quad_hr,8381.4461
2015-01-05,46,mean_temp_quad_hr,8351.6734
2015-01-05,47,mean_temp_quad_hr,8183.8789
2015-01-05,48,mean_temp_quad_hr,7253.5437
2015-01-05,49,mean_temp_quad_hr,6210.1682
2015-01-05,50,mean_temp_quad_hr,6168.0123
2015-01-05,51,mean_temp_quad_hr,6156.4545
2015-01-05,52,mean_temp_quad_hr,6170.2473
2015-01-05,53,mean_temp_quad_hr,6340.0353
2015-01-05,54,mean_temp_quad_hr,7168.5321
2015-01-05,55,mean_temp_quad_hr,7943.6422
2015-01-05,56,mean_temp_quad_hr,8084.9939
2015-01-05,57,mean_temp_quad_hr,8202.8319
2015-01-05,58,mean_temp_quad_hr,8263.2790
2015-01-05,59,mean_temp_quad_hr,8263.2790
2015-01-05,60,mean_temp_quad_hr,8263.2790
2015-01-05,61,mean_temp_quad_hr,8257.6852
2015-01-05,62,mean_temp_quad_hr,8256.7243
2015-01-05,63,mean_temp_quad_hr,8370.1577
2015-01-05,64,mean_temp_quad_hr,8368.9389
2015-01-05,65,mean_temp_quad_hr,8401.0787
2015-01-05,66,mean_temp_quad_hr,8412.6698
2015-01-05,67,mean_temp_quad_hr,8412.6698
2015-01-05,68,mean_temp_quad_hr,8322.3221
2015-01-05,69,mean_temp_quad_hr,8249.2870
2015-01-05,70,mean_temp_quad_hr,7904.5013
2015-01-05,71,mean_temp_quad_hr,7529.8574
2015-01-05,72,mean_temp_quad_hr,7615.7272
2015-01-05,73,mean_temp_quad_hr,7881.6256
2015-01-05,74,mean_temp_quad_hr,8059.7830
2015-01-05,75,mean_temp_quad_hr,8173.6355
2015-01-05,76,mean_temp_quad_hr,8173.6355
2015-01-05,77,mean_temp_quad_hr,8219.3425
2015-01-05,78,mean_temp_quad_hr,8160.7983
2015-01-05,79,mean_temp_quad_hr,8140.3079
2015-01-05,80,mean_temp_quad_hr,8059.7830
2015-01-05,81,mean_temp_quad_hr,8059.7830
2015-01-05,82,mean_temp_quad_hr,8059.7830
2015-01-05,83,mean_temp_quad_hr,7984.9379
2015-01-05,84,mean_temp_quad_hr,7937.7399
2015-01-05,85,mean_temp_quad_hr,7796.1497
2015-01-05,86,mean_temp_quad_hr,7604.9744
2015-01-05,87,mean_temp_quad_hr,7537.8433
2015-01-05,88,mean_temp_quad_hr,7223.6422
2015-01-05,89,mean_temp_quad_hr,7166.8612
2015-01-05,90,mean_temp_quad_hr,6699.7101
2015-01-05,91,mean_temp_quad_hr,6395.7960
2015-01-05,92,mean_temp_quad_hr,6034.0388
2015-01-05,93,mean_temp_quad_hr,5918.5774
2015-01-05,94,mean_temp_quad_hr,5776.6977
2015-01-05,95,mean_temp_quad_hr,5507.0317
2015-01-06,0,mean_temp_quad_hr,5430.6040
2015-01-06,1,mean_temp_quad_hr,5177.2417
2015-01-06,2,mean_temp_quad_hr,5142.5417
2015-01-06,3,mean_temp_quad_hr,5003.4826
2015-01-06,4,mean_temp_quad_hr,4987.7173
2015-01-06,5,mean_temp_quad_hr,4905.0984
2015-01-06,6,mean_temp_quad_hr,4820.0876
2015-01-06,7,mean_temp_quad_hr,4773.6623
2015-01-06,8,mean_temp_quad_hr,4674.6890
2015-01-06,9,mean_temp_quad_hr,4674.6890
2015-01-06,10,mean_temp_quad_hr,4670.4778
2015-01-06,11,mean_temp_quad_hr,4652.0675
2015-01-06,12,mean_temp_quad_hr,4649.6380
2015-01-06,13,mean_temp_quad_hr,4637.1152
2015-01-06,14,mean_temp_quad_hr,4621.0165
2015-01-06,15,mean_temp_quad_hr,4621.0165
2015-01-06,16,mean_temp_quad_hr,4596.8501
2015-01-06,17,mean_temp_quad_hr,4596.8501
2015-01-06,18,mean_temp_quad_hr,4596.8501
2015-01-06,19,mean_temp_quad_hr,4596.8501
2015-01-06,20,mean_temp_quad_hr,4596.8501
2015-01-06,21,mean_temp_quad_hr,4600.6732
2015-01-06,22,mean_temp_quad_hr,4596.8501
2015-01-06,23,mean_temp_quad_hr,4596.8501
2015-01-06,24,mean_temp_quad_hr,4638.9909
2015-01-06,25,mean_temp_quad_hr,4638.9909
2015-01-06,26,mean_temp_quad_hr,4618.5006
2015-01-06,27,mean_temp_quad_hr,4718.9186
2015-01-06,28,mean_temp_quad_hr,4935.3738
2015-01-06,29,mean_temp_quad_hr,5387.0312
2015-01-06,30,mean_temp_quad_hr,5668.4405
2015-01-06,31,mean_temp_quad_hr,5793.1976
2015-01-06,32,mean_temp_quad_hr,6369.3739
2015-01-06,33,mean_temp_quad_hr,7737.9836
2015-01-06,34,mean_temp_quad_hr,8004.7555
2015-01-06,35,mean_temp_quad_hr,8286.2176
2015-01-06,36,mean_temp_quad_hr,8268.4845
2015-01-06,37,mean_temp_quad_hr,8330.2696
2015-01-06,38,mean_temp_quad_hr,8273.3392
2015-01-06,39,mean_temp_quad_hr,8302.6022
2015-01-06,40,mean_temp_quad_hr,8333.6272
2015-01-06,41,mean_temp_quad_hr,8369.3368
2015-01-06,42,mean_temp_quad_hr,8412.4655
2015-01-06,43,mean_temp_quad_hr,8428.2094
2015-01-06,44,mean_temp_quad_hr,8428.2094
2015-01-06,45,mean_temp_quad_hr,8428.2094
2015-01-06,46,mean_temp_quad_hr,8238.0605
2015-01-06,47,mean_temp_quad_hr,8200.6813
2015-01-06,48,mean_temp_quad_hr,7074.1250
2015-01-06,49,mean_temp_quad_hr,6249.9767
2015-01-06,50,mean_temp_quad_hr,6392.7361
2015-01-06,51,mean_temp_quad_hr,6392.7361
2015-01-06,52,mean_temp_quad_hr,6419.7046
2015-01-06,53,mean_temp_quad_hr,6232.2059
2015-01-06,54,mean_temp_quad_hr,6911.4039
2015-01-06,55,mean_temp_quad_hr,7959.9060
2015-01-06,56,mean_temp_quad_hr,8009.3203
2015-01-06,57,mean_temp_quad_hr,8277.5233
2015-01-06,58,mean_temp_quad_hr,8290.2317
2015-01-06,59,mean_temp_quad_hr,8291.8882
2015-01-06,60,mean_temp_quad_hr,8282.5975
2015-01-06,61,mean_temp_quad_hr,8233.8815
2015-01-06,62,mean_temp_quad_hr,8164.7825
2015-01-06,63,mean_temp_quad_hr,8268.9680
2015-01-06,64,mean_temp_quad_hr,8339.9562
2015-01-06,65,mean_temp_quad_hr,8343.0661
2015-01-06,66,mean_temp_quad_hr,8400.0709
2015-01-06,67,mean_temp_quad_hr,8400.0709
2015-01-06,68,mean_temp_quad_hr,8361.2775
2015-01-06,69,mean_temp_quad_hr,8211.8250
2015-01-06,70,mean_temp_quad_hr,7941.5443
2015-01-06,71,mean_temp_quad_hr,7563.5299
2015-01-06,72,mean_temp_quad_hr,7606.3785
2015-01-06,73,mean_temp_quad_hr,7842.3249
2015-01-06,74,mean_temp_quad_hr,8029.0330
2015-01-06,75,mean_temp_quad_hr,8242.9468
2015-01-06,76,mean_temp_quad_hr,8236.5190
2015-01-06,77,mean_temp_quad_hr,8236.5190
2015-01-06,78,mean_temp_quad_hr,8218.8621
2015-01-06,79,mean_temp_quad_hr,8167.0333
2015-01-06,80,mean_temp_quad_hr,8090.0388
2015-01-06,81,mean_temp_quad_hr,8029.0330
2015-01-06,82,mean_temp_quad_hr,8029.0330
2015-01-06,83,mean_temp_quad_hr,7908.3475
2015-01-06,84,mean_temp_quad_hr,7925.7857
2015-01-06,85,mean_temp_quad_hr,7806.6944
2015-01-06,86,mean_temp_quad_hr,7556.1099
2015-01-06,87,mean_temp_quad_hr,7447.8441
2015-01-06,88,mean_temp_quad_hr,7074.4359
2015-01-06,89,mean_temp_quad_hr,6929.1295
2015-01-06,90,mean_temp_quad_hr,6539.1383
2015-01-06,91,mean_temp_quad_hr,6217.1274
2015-01-06,92,mean_temp_quad_hr,6272.0034
2015-01-06,93,mean_temp_quad_hr,5961.5648
2015-01-06,94,mean_temp_quad_hr,6029.2075
2015-01-06,95,mean_temp_quad_hr,5662.1701
2015-01-07,0,mean_temp_quad_hr,5371.3946
2015-01-07,1,mean_temp_quad_hr,5052.7406
2015-01-07,2,mean_temp_quad_hr,4968.1961
2015-01-07,3,mean_temp_quad_hr,4907.3396
2015-01-07,4,mean_temp_quad_hr,4842.1013
2015-01-07,5,mean_temp_quad_hr,4781.8231
2015-01-07,6,mean_temp_quad_hr,4722.1435
2015-01-07,7,mean_temp_quad_hr,4657.7437
2015-01-07,8,mean_temp_quad_hr,4577.8744
2015-01-07,9,mean_temp_quad_hr,4587.7230
2015-01-07,10,mean_temp_quad_hr,4553.1729
2015-01-07,11,mean_temp_quad_hr,4523.1494
2015-01-07,12,mean_temp_quad_hr,4520.7199
2015-01-07,13,mean_temp_quad_hr,4487.7068
2015-01-07,14,mean_temp_quad_hr,4478.7699
2015-01-07,15,mean_temp_quad_hr,4478.7699
2015-01-07,16,mean_temp_quad_hr,4478.7699
2015-01-07,17,mean_temp_quad_hr,4318.2123
2015-01-07,18,mean_temp_quad_hr,4318.2123
2015-01-07,19,mean_temp_quad_hr,4318.2123
2015-01-07,20,mean_temp_quad_hr,4318.2123
2015-01-07,21,mean_temp_quad_hr,4318.2123
2015-01-07,22,mean_temp_quad_hr,4318.2123
2015-01-07,23,mean_temp_quad_hr,4318.2123
2015-01-07,24,mean_temp_quad_hr,4478.7699
2015-01-07,25,mean_temp_quad_hr,4499.4312
2015-01-07,26,mean_temp_quad_hr,4558.3817
2015-01-07,27,mean_temp_quad_hr,4622.4904
2015-01-07,28,mean_temp_quad_hr,4760.6392
2015-01-07,29,mean_temp_quad_hr,5113.6066
2015-01-07,30,mean_temp_quad_hr,5981.0316
2015-01-07,31,mean_temp_quad_hr,6053.2826
2015-01-07,32,mean_temp_quad_hr,6149.4083
2015-01-07,33,mean_temp_quad_hr,7447.0569
2015-01-07,34,mean_temp_quad_hr,8095.0129
2015-01-07,35,mean_temp_quad_hr,8193.7115
2015-01-07,36,mean_temp_quad_hr,8312.0966
2015-01-07,37,mean_temp_quad_hr,8352.2794
2015-01-07,38,mean_temp_quad_hr,8381.6598
2015-01-07,39,mean_temp_quad_hr,8471.4082
2015-01-07,40,mean_temp_quad_hr,8514.5369
2015-01-07,41,mean_temp_quad_hr,8514.5369
2015-01-07,42,mean_temp_quad_hr,8571.1022
2015-01-07,43,mean_temp_quad_hr,8571.1022
2015-01-07,44,mean_temp_quad_hr,8571.1022
2015-01-07,45,mean_temp_quad_hr,8571.1022
2015-01-07,46,mean_temp_quad_hr,8383.9835
2015-01-07,47,mean_temp_quad_hr,8220.5202
2015-01-07,48,mean_temp_quad_hr,6356.6602
2015-01-07,49,mean_temp_quad_hr,6291.4996
2015-01-07,50,mean_temp_quad_hr,6394.9253
2015-01-07,51,mean_temp_quad_hr,6322.1054
2015-01-07,52,mean_temp_quad_hr,6394.9253
2015-01-07,53,mean_temp_quad_hr,6500.4889
2015-01-07,54,mean_temp_quad_hr,6305.6193
2015-01-07,55,mean_temp_quad_hr,7642.0086
2015-01-07,56,mean_temp_quad_hr,7717.5146
2015-01-07,57,mean_temp_quad_hr,7860.1529
2015-01-07,58,mean_temp_quad_hr,7921.6490
2015-01-07,59,mean_temp_quad_hr,7921.6490
2015-01-07,60,mean_temp_quad_hr,7909.4367
2015-01-07,61,mean_temp_quad_hr,7912.1842
2015-01-07,62,mean_temp_quad_hr,7895.1628
2015-01-07,63,mean_temp_quad_hr,8290.4274
2015-01-07,64,mean_temp_quad_hr,8317.4960
2015-01-07,65,mean_temp_quad_hr,8432.9932
2015-01-07,66,mean_temp_quad_hr,8432.9932
2015-01-07,67,mean_temp_quad_hr,8426.6863
2015-01-07,68,mean_temp_quad_hr,7756.0560
2015-01-07,69,mean_temp_quad_hr,7437.9729
2015-01-07,70,mean_temp_quad_hr,7350.6128
2015-01-07,71,mean_temp_quad_hr,6643.1668
2015-01-07,72,mean_temp_quad_hr,6614.3158
2015-01-07,73,mean_temp_quad_hr,7347.7445
2015-01-07,74,mean_temp_quad_hr,8068.2548
2015-01-07,75,mean_temp_quad_hr,8055.9610
2015-01-07,76,mean_temp_quad_hr,8014.0027
2015-01-07,77,mean_temp_quad_hr,7965.8738
2015-01-07,78,mean_temp_quad_hr,8055.9610
2015-01-07,79,mean_temp_quad_hr,8398.9125
2015-01-07,80,mean_temp_quad_hr,8115.5840
2015-01-07,81,mean_temp_quad_hr,8115.5840
2015-01-07,82,mean_temp_quad_hr,8062.7635
2015-01-07,83,mean_temp_quad_hr,8135.2867
2015-01-07,84,mean_temp_quad_hr,8174.0456
2015-01-07,85,mean_temp_quad_hr,6810.0478
2015-01-07,86,mean_temp_quad_hr,6827.6608
2015-01-07,87,mean_temp_quad_hr,6929.1131
2015-01-07,88,mean_temp_quad_hr,6866.3486
2015-01-07,89,mean_temp_quad_hr,6962.0368
2015-01-07,90,mean_temp_quad_hr,6981.4312
2015-01-07,91,mean_temp_quad_hr,6710.6264
2015-01-07,92,mean_temp_quad_hr,6259.2249
2015-01-07,93,mean_temp_quad_hr,6049.5623
2015-01-07,94,mean_temp_quad_hr,5944.0494
2015-01-07,95,mean_temp_quad_hr,5519.7601
2015-01-08,0,mean_temp_quad_hr,5010.9455
2015-01-08,1,mean_temp_quad_hr,4963.2783
2015-01-08,2,mean_temp_quad_hr,4799.8167
2015-01-08,3,mean_temp_quad_hr,4768.6926
2015-01-08,4,mean_temp_quad_hr,4768.6926
2015-01-08,5,mean_temp_quad_hr,4687.1372
2015-01-08,6,mean_temp_quad_hr,4591.3836
2015-01-08,7,mean_temp_quad_hr,4509.9426
2015-01-08,8,mean_temp_quad_hr,4476.2075
2015-01-08,9,mean_temp_quad_hr,4476.2075
2015-01-08,10,mean_temp_quad_hr,4451.5060
2015-01-08,11,mean_temp_quad_hr,4452.1054
2015-01-08,12,mean_temp_quad_hr,4406.4927
2015-01-08,13,mean_temp_quad_hr,4409.3951
2015-01-08,14,mean_temp_quad_hr,4402.7117
2015-01-08,15,mean_temp_quad_hr,4402.7117
2015-01-08,16,mean_temp_quad_hr,4293.6510
2015-01-08,17,mean_temp_quad_hr,4341.1266
2015-01-08,18,mean_temp_quad_hr,4450.6047
2015-01-08,19,mean_temp_quad_hr,4450.6047
2015-01-08,20,mean_temp_quad_hr,4471.4265
2015-01-08,21,mean_temp_quad_hr,4471.4265
2015-01-08,22,mean_temp_quad_hr,4471.4265
2015-01-08,23,mean_temp_quad_hr,4471.4265
2015-01-08,24,mean_temp_quad_hr,4498.7287
2015-01-08,25,mean_temp_quad_hr,4498.7287
2015-01-08,26,mean_temp_quad_hr,4514.6595
2015-01-08,27,mean_temp_quad_hr,4512.9062
2015-01-08,28,mean_temp_quad_hr,4647.4806
2015-01-08,29,mean_temp_quad_hr,4973.5467
2015-01-08,30,mean_temp_quad_hr,5019.0463
2015-01-08,31,mean_temp_quad_hr,5746.8873
2015-01-08,32,mean_temp_quad_hr,5665.7509
2015-01-08,33,mean_temp_quad_hr,8238.8467
2015-01-08,34,mean_temp_quad_hr,8352.1534
2015-01-08,35,mean_temp_quad_hr,8355.0599
2015-01-08,36,mean_temp_quad_hr,8352.8084
2015-01-08,37,mean_temp_quad_hr,8338.6618
2015-01-08,38,mean_temp_quad_hr,8456.9237
2015-01-08,39,mean_temp_quad_hr,8456.9237
2015-01-08,40,mean_temp_quad_hr,8491.8713
2015-01-08,41,mean_temp_quad_hr,8499.0533
2015-01-08,42,mean_temp_quad_hr,8529.4642
2015-01-08,43,mean_temp_quad_hr,8529.4642
2015-01-08,44,mean_temp_quad_hr,8529.4642
2015-01-08,45,mean_temp_quad_hr,8529.4642
2015-01-08,46,mean_temp_quad_hr,8464.7248
2015-01-08,47,mean_temp_quad_hr,8384.3030
2015-01-08,48,mean_temp_quad_hr,6286.7386
2015-01-08,49,mean_temp_quad_hr,6191.0094
2015-01-08,50,mean_temp_quad_hr,6129.4046
2015-01-08,51,mean_temp_quad_hr,6127.7160
2015-01-08,52,mean_temp_quad_hr,6055.1128
2015-01-08,53,mean_temp_quad_hr,6128.9035
2015-01-08,54,mean_temp_quad_hr,6149.3118
2015-01-08,55,mean_temp_quad_hr,8364.7265
2015-01-08,56,mean_temp_quad_hr,8425.8020
2015-01-08,57,mean_temp_quad_hr,8446.0150
2015-01-08,58,mean_temp_quad_hr,8408.8510
2015-01-08,59,mean_temp_quad_hr,8480.2366
2015-01-08,60,mean_temp_quad_hr,8480.2366
2015-01-08,61,mean_temp_quad_hr,8341.2744
2015-01-08,62,mean_temp_quad_hr,8340.0893
2015-01-08,63,mean_temp_quad_hr,8330.0261
2015-01-08,64,mean_temp_quad_hr,8454.5903
2015-01-08,65,mean_temp_quad_hr,8479.1437
2015-01-08,66,mean_temp_quad_hr,8494.1269
2015-01-08,67,mean_temp_quad_hr,8494.1269
2015-01-08,68,mean_temp_quad_hr,8468.7517
2015-01-08,69,mean_temp_quad_hr,8347.1461
2015-01-08,70,mean_temp_quad_hr,8318.0175
2015-01-08,71,mean_temp_quad_hr,8455.8078
2015-01-08,72,mean_temp_quad_hr,8467.0269
2015-01-08,73,mean_temp_quad_hr,8339.2454
2015-01-08,74,mean_temp_quad_hr,8257.7619
2015-01-08,75,mean_temp_quad_hr,8325.7826
2015-01-08,76,mean_temp_quad_hr,8325.7826
2015-01-08,77,mean_temp_quad_hr,8223.8585
2015-01-08,78,mean_temp_quad_hr,8325.7826
2015-01-08,79,mean_temp_quad_hr,8320.6971
2015-01-08,80,mean_temp_quad_hr,8262.0582
2015-01-08,81,mean_temp_quad_hr,8257.7619
2015-01-08,82,mean_temp_quad_hr,8262.0582
2015-01-08,83,mean_temp_quad_hr,8299.2816
2015-01-08,84,mean_temp_quad_hr,8327.6444
2015-01-08,85,mean_temp_quad_hr,8396.3773
2015-01-08,86,mean_temp_quad_hr,8461.5072
2015-01-08,87,mean_temp_quad_hr,7785.9266
2015-01-08,88,mean_temp_quad_hr,6597.3878
2015-01-08,89,mean_temp_quad_hr,6501.3150
2015-01-08,90,mean_temp_quad_hr,6278.6055
2015-01-08,91,mean_temp_quad_hr,6204.2154
2015-01-08,92,mean_temp_quad_hr,5883.4273
2015-01-08,93,mean_temp_quad_hr,5703.7596
2015-01-08,94,mean_temp_quad_hr,5629.2042
2015-01-08,95,mean_temp_quad_hr,5242.5605
2015-01-09,0,mean_temp_quad_hr,5157.6785
2015-01-09,1,mean_temp_quad_hr,5002.2504
2015-01-09,2,mean_temp_quad_hr,4863.6618
2015-01-09,3,mean_temp_quad_hr,4811.6437
2015-01-09,4,mean_temp_quad_hr,4811.6437
2015-01-09,5,mean_temp_quad_hr,4728.8155
2015-01-09,6,mean_temp_quad_hr,4656.5147
2015-01-09,7,mean_temp_quad_hr,4591.8516
2015-01-09,8,mean_temp_quad_hr,4558.1165
2015-01-09,9,mean_temp_quad_hr,4558.1165
2015-01-09,10,mean_temp_quad_hr,4505.0580
2015-01-09,11,mean_temp_quad_hr,4505.6574
2015-01-09,12,mean_temp_quad_hr,4518.2600
2015-01-09,13,mean_temp_quad_hr,4485.2469
2015-01-09,14,mean_temp_quad_hr,4478.5634
2015-01-09,15,mean_temp_quad_hr,4478.5634
2015-01-09,16,mean_temp_quad_hr,4478.5634
2015-01-09,17,mean_temp_quad_hr,4478.5634
2015-01-09,18,mean_temp_quad_hr,4478.5634
2015-01-09,19,mean_temp_quad_hr,4478.5634
2015-01-09,20,mean_temp_quad_hr,4478.5634
2015-01-09,21,mean_temp_quad_hr,4478.5634
2015-01-09,22,mean_temp_quad_hr,4478.5634
2015-01-09,23,mean_temp_quad_hr,4478.5634
2015-01-09,24,mean_temp_quad_hr,4478.5634
2015-01-09,25,mean_temp_quad_hr,4478.5634
2015-01-09,26,mean_temp_quad_hr,4523.0097
2015-01-09,27,mean_temp_quad_hr,4521.5248
2015-01-09,28,mean_temp_quad_hr,4636.6091
2015-01-09,29,mean_temp_quad_hr,4962.6752
2015-01-09,30,mean_temp_quad_hr,5106.2128
2015-01-09,31,mean_temp_quad_hr,5427.4019
2015-01-09,32,mean_temp_quad_hr,5977.0356
2015-01-09,33,mean_temp_quad_hr,8100.6409
2015-01-09,34,mean_temp_quad_hr,8203.9369
2015-01-09,35,mean_temp_quad_hr,8435.8680
2015-01-09,36,mean_temp_quad_hr,8463.4054
2015-01-09,37,mean_temp_quad_hr,8166.8350
2015-01-09,38,mean_temp_quad_hr,7826.3503
2015-01-09,39,mean_temp_quad_hr,7828.0068
2015-01-09,40,mean_temp_quad_hr,7649.8898
2015-01-09,41,mean_temp_quad_hr,7775.5312
2015-01-09,42,mean_temp_quad_hr,7798.8482
2015-01-09,43,mean_temp_quad_hr,7798.8482
2015-01-09,44,mean_temp_quad_hr,7798.8482
2015-01-09,45,mean_temp_quad_hr,7433.7533
2015-01-09,46,mean_temp_quad_hr,7781.1580
2015-01-09,47,mean_temp_quad_hr,8016.5983
2015-01-09,48,mean_temp_quad_hr,6838.8144
2015-01-09,49,mean_temp_quad_hr,6469.6273
2015-01-09,50,mean_temp_quad_hr,6376.3151
2015-01-09,51,mean_temp_quad_hr,6348.3056
2015-01-09,52,mean_temp_quad_hr,6381.1178
2015-01-09,53,mean_temp_quad_hr,6534.4216
2015-01-09,54,mean_temp_quad_hr,6961.2093
2015-01-09,55,mean_temp_quad_hr,8394.7853
2015-01-09,56,mean_temp_quad_hr,8613.2986
2015-01-09,57,mean_temp_quad_hr,8266.7181
2015-01-09,58,mean_temp_quad_hr,8274.9745
2015-01-09,59,mean_temp_quad_hr,7952.6414
2015-01-09,60,mean_temp_quad_hr,7907.2211
2015-01-09,61,mean_temp_quad_hr,7909.9686
2015-01-09,62,mean_temp_quad_hr,7828.3772
2015-01-09,63,mean_temp_quad_hr,7829.8948
2015-01-09,64,mean_temp_quad_hr,7819.9705
2015-01-09,65,mean_temp_quad_hr,7620.7756
2015-01-09,66,mean_temp_quad_hr,7623.5199
2015-01-09,67,mean_temp_quad_hr,7642.2191
2015-01-09,68,mean_temp_quad_hr,7634.7857
2015-01-09,69,mean_temp_quad_hr,7927.4211
2015-01-09,70,mean_temp_quad_hr,7700.5496
2015-01-09,71,mean_temp_quad_hr,7111.3011
2015-01-09,72,mean_temp_quad_hr,7090.0055
2015-01-09,73,mean_temp_quad_hr,7489.1420
2015-01-09,74,mean_temp_quad_hr,7819.3715
2015-01-09,75,mean_temp_quad_hr,7809.8619
2015-01-09,76,mean_temp_quad_hr,7809.8619
2015-01-09,77,mean_temp_quad_hr,7459.9583
2015-01-09,78,mean_temp_quad_hr,7857.9909
2015-01-09,79,mean_temp_quad_hr,7904.9459
2015-01-09,80,mean_temp_quad_hr,7819.3715
2015-01-09,81,mean_temp_quad_hr,7443.4034
2015-01-09,82,mean_temp_quad_hr,7909.8442
2015-01-09,83,mean_temp_quad_hr,7442.4691
2015-01-09,84,mean_temp_quad_hr,7699.1300
2015-01-09,85,mean_temp_quad_hr,7225.0868
2015-01-09,86,mean_temp_quad_hr,7182.0815
2015-01-09,87,mean_temp_quad_hr,7119.8974
2015-01-09,88,mean_temp_quad_hr,6731.8096
2015-01-09,89,mean_temp_quad_hr,6888.4147
2015-01-09,90,mean_temp_quad_hr,6715.9031
2015-01-09,91,mean_temp_quad_hr,6850.6337
2015-01-09,92,mean_temp_quad_hr,6673.5048
2015-01-09,93,mean_temp_quad_hr,6160.9909
2015-01-09,94,mean_temp_quad_hr,5973.6068
2015-01-09,95,mean_temp_quad_hr,5532.4741
2015-01-10,0,mean_temp_quad_hr,5015.7541
2015-01-10,1,mean_temp_quad_hr,4719.3883
2015-01-10,2,mean_temp_quad_hr,4501.9323
2015-01-10,3,mean_temp_quad_hr,4362.6758
2015-01-10,4,mean_temp_quad_hr,4381.1341
2015-01-10,5,mean_temp_quad_hr,4316.7355
2015-01-10,6,mean_temp_quad_hr,4244.9365
2015-01-10,7,mean_temp_quad_hr,4205.4074
2015-01-10,8,mean_temp_quad_hr,4171.6723
2015-01-10,9,mean_temp_quad_hr,4166.0490
2015-01-10,10,mean_temp_quad_hr,4117.3928
2015-01-10,11,mean_temp_quad_hr,4113.8815
2015-01-10,12,mean_temp_quad_hr,4005.2702
2015-01-10,13,mean_temp_quad_hr,3972.2571
2015-01-10,14,mean_temp_quad_hr,3983.9814
2015-01-10,15,mean_temp_quad_hr,3983.9814
2015-01-10,16,mean_temp_quad_hr,3983.9814
2015-01-10,17,mean_temp_quad_hr,3983.9814
2015-01-10,18,mean_temp_quad_hr,3983.9814
2015-01-10,19,mean_temp_quad_hr,3983.9814
2015-01-10,20,mean_temp_quad_hr,3983.9814
2015-01-10,21,mean_temp_quad_hr,3983.9814
2015-01-10,22,mean_temp_quad_hr,3983.9814
2015-01-10,23,mean_temp_quad_hr,3983.9814
2015-01-10,24,mean_temp_quad_hr,3983.9814
2015-01-10,25,mean_temp_quad_hr,4090.1632
2015-01-10,26,mean_temp_quad_hr,4114.1179
2015-01-10,27,mean_temp_quad_hr,4112.8451
2015-01-10,28,mean_temp_quad_hr,4210.6331
2015-01-10,29,mean_temp_quad_hr,4568.8979
2015-01-10,30,mean_temp_quad_hr,4856.3788
2015-01-10,31,mean_temp_quad_hr,5400.8607
2015-01-10,32,mean_temp_quad_hr,5933.4987
2015-01-10,33,mean_temp_quad_hr,6778.4390
2015-01-10,34,mean_temp_quad_hr,7334.2634
2015-01-10,35,mean_temp_quad_hr,7796.4894
2015-01-10,36,mean_temp_quad_hr,7914.9889
2015-01-10,37,mean_temp_quad_hr,8021.5924
2015-01-10,38,mean_temp_quad_hr,8010.8134
2015-01-10,39,mean_temp_quad_hr,7958.0445
2015-01-10,40,mean_temp_quad_hr,8039.9438
2015-01-10,41,mean_temp_quad_hr,8052.9586
2015-01-10,42,mean_temp_quad_hr,7980.6974
2015-01-10,43,mean_temp_quad_hr,7980.6974
2015-01-10,44,mean_temp_quad_hr,7980.6974
2015-01-10,45,mean_temp_quad_hr,7975.7489
2015-01-10,46,mean_temp_quad_hr,8058.0137
2015-01-10,47,mean_temp_quad_hr,7881.7644
2015-01-10,48,mean_temp_quad_hr,6647.5775
2015-01-10,49,mean_temp_quad_hr,6215.3614
2015-01-10,50,mean_temp_quad_hr,6124.0807
2015-01-10,51,mean_temp_quad_hr,6151.9087
2015-01-10,52,mean_temp_quad_hr,6124.0807
2015-01-10,53,mean_temp_quad_hr,6325.4969
2015-01-10,54,mean_temp_quad_hr,6246.6257
2015-01-10,55,mean_temp_quad_hr,7299.8936
2015-01-10,56,mean_temp_quad_hr,7755.0122
2015-01-10,57,mean_temp_quad_hr,7878.9710
2015-01-10,58,mean_temp_quad_hr,7854.5000
2015-01-10,59,mean_temp_quad_hr,7878.9710
2015-01-10,60,mean_temp_quad_hr,7894.5580
2015-01-10,61,mean_temp_quad_hr,7914.0884
2015-01-10,62,mean_temp_quad_hr,7862.0916
2015-01-10,63,mean_temp_quad_hr,8002.0550
2015-01-10,64,mean_temp_quad_hr,8058.5274
2015-01-10,65,mean_temp_quad_hr,8070.2074
2015-01-10,66,mean_temp_quad_hr,8105.8586
2015-01-10,67,mean_temp_quad_hr,8072.5310
2015-01-10,68,mean_temp_quad_hr,7889.9783
2015-01-10,69,mean_temp_quad_hr,7907.6084
2015-01-10,70,mean_temp_quad_hr,7288.2239
2015-01-10,71,mean_temp_quad_hr,6644.1742
2015-01-10,72,mean_temp_quad_hr,6663.2191
2015-01-10,73,mean_temp_quad_hr,7054.6557
2015-01-10,74,mean_temp_quad_hr,7415.7309
2015-01-10,75,mean_temp_quad_hr,7465.5784
2015-01-10,76,mean_temp_quad_hr,7465.5784
2015-01-10,77,mean_temp_quad_hr,7465.5784
2015-01-10,78,mean_temp_quad_hr,7461.5698
2015-01-10,79,mean_temp_quad_hr,7367.2609
2015-01-10,80,mean_temp_quad_hr,7162.6524
2015-01-10,81,mean_temp_quad_hr,7146.9086
2015-01-10,82,mean_temp_quad_hr,7156.7572
2015-01-10,83,mean_temp_quad_hr,7140.4533
2015-01-10,84,mean_temp_quad_hr,7001.5639
2015-01-10,85,mean_temp_quad_hr,6926.5951
2015-01-10,86,mean_temp_quad_hr,6813.5141
2015-01-10,87,mean_temp_quad_hr,6637.5540
2015-01-10,88,mean_temp_quad_hr,6164.6090
2015-01-10,89,mean_temp_quad_hr,6222.6022
2015-01-10,90,mean_temp_quad_hr,6238.2751
2015-01-10,91,mean_temp_quad_hr,6157.2026
2015-01-10,92,mean_temp_quad_hr,5966.0370
2015-01-10,93,mean_temp_quad_hr,6069.7394
2015-01-10,94,mean_temp_quad_hr,5595.4891
2015-01-10,95,mean_temp_quad_hr,5181.0721
2015-01-04,0,all_weather,5324.6477
2015-01-04,1,all_weather,5022.0251
2015-01-04,2,all_weather,4952.2386
2015-01-04,3,all_weather,4912.6874
2015-01-04,4,all_weather,4843.5655
2015-01-04,5,all_weather,4773.3551
2015-01-04,6,all_weather,4745.7426
2015-01-04,7,all_weather,4734.9598
2015-01-04,8,all_weather,4705.7060
2015-01-04,9,all_weather,4632.2146
2015-01-04,10,all_weather,4619.4336
2015-01-04,11,all_weather,4591.1474
2015-01-04,12,all_weather,4598.1047
2015-01-04,13,all_weather,4576.7940
2015-01-04,14,all_weather,4564.5583
2015-01-04,15,all_weather,4561.9543
2015-01-04,16,all_weather,4560.6783
2015-01-04,17,all_weather,4544.2935
2015-01-04,18,all_weather,4541.1440
2015-01-04,19,all_weather,4551.5867
2015-01-04,20,all_weather,4551.5867
2015-01-04,21,all_weather,4551.5867
2015-01-04,22,all_weather,4544.5006
2015-01-04,23,all_weather,4551.5867
2015-01-04,24,all_weather,4541.0434
2015-01-04,25,all_weather,4560.6783
2015-01-04,26,all_weather,4544.1929
2015-01-04,27,all_weather,4544.1929
2015-01-04,28,all_weather,4642.3728
2015-01-04,29,all_weather,4772.0531
2015-01-04,30,all_weather,4803.3004
2015-01-04,31,all_weather,5019.9984
2015-01-04,32,all_weather,5673.8208
2015-01-04,33,all_weather,6175.9227
2015-01-04,34,all_weather,6417.4790
2015-01-04,35,all_weather,6549.4996
2015-01-04,36,all_weather,6799.8938
2015-01-04,37,all_weather,6988.0409
2015-01-04,38,all_weather,7069.2426
2015-01-04,39,all_weather,7182.0817
2015-01-04,40,all_weather,7182.0817
2015-01-04,41,all_weather,7324.0008
2015-01-04,42,all_weather,7332.1859
2015-01-04,43,all_weather,7397.9704
2015-01-04,44,all_weather,7380.0107
2015-01-04,45,all_weather,7399.9751
2015-01-04,46,all_weather,7352.1502
2015-01-04,47,all_weather,7095.4565
2015-01-04,48,all_weather,6295.2444
2015-01-04,49,all_weather,5874.7762
2015-01-04,50,all_weather,5884.5600
2015-01-04,51,all_weather,5841.1845
2015-01-04,52,all_weather,5802.3861
2015-01-04,53,all_weather,5895.4114
2015-01-04,54,all_weather,6128.2500
2015-01-04,55,all_weather,6545.4059
2015-01-04,56,all_weather,6650.5049
2015-01-04,57,all_weather,6744.8455
2015-01-04,58,all_weather,6852.8392
2015-01-04,59,all_weather,6870.5266
2015-01-04,60,all_weather,6895.1489
2015-01-04,61,all_weather,7021.0186
2015-01-04,62,all_weather,7036.3490
2015-01-04,63,all_weather,7085.5490
2015-01-04,64,all_weather,7200.6286
2015-01-04,65,all_weather,7208.0290
2015-01-04,66,all_weather,7230.6689
2015-01-04,67,all_weather,7228.1669
2015-01-04,68,all_weather,7230.6689
2015-01-04,69,all_weather,7139.7765
2015-01-04,70,all_weather,6704.5750
2015-01-04,71,all_weather,6513.0878
2015-01-04,72,all_weather,6492.4525
2015-01-04,73,all_weather,6604.4408
2015-01-04,74,all_weather,6653.4510
2015-01-04,75,all_weather,6727.7014
2015-01-04,76,all_weather,6593.9436
2015-01-04,77,all_weather,6574.9586
2015-01-04,78,all_weather,6502.7263
2015-01-04,79,all_weather,6475.3367
2015-01-04,80,all_weather,6441.0782
2015-01-04,81,all_weather,6434.7287
2015-01-04,82,all_weather,6455.3640
2015-01-04,83,all_weather,6434.0916
2015-01-04,84,all_weather,6442.8625
2015-01-04,85,all_weather,6415.5023
2015-01-04,86,all_weather,6254.0265
2015-01-04,87,all_weather,6225.6665
2015-01-04,88,all_weather,6085.1319
2015-01-04,89,all_weather,5978.3949
2015-01-04,90,all_weather,5903.5836
2015-01-04,91,all_weather,5794.8436
2015-01-04,92,all_weather,5566.2912
2015-01-04,93,all_weather,5221.4576
2015-01-04,94,all_weather,4981.8796
2015-01-04,95,all_weather,4858.9963
2015-01-05,0,all_weather,5017.1758
2015-01-05,1,all_weather,4943.6845
2015-01-05,2,all_weather,4898.0367
2015-01-05,3,all_weather,4861.6858
2015-01-05,4,all_weather,4854.7295
2015-01-05,5,all_weather,4830.6486
2015-01-05,6,all_weather,4756.5338
2015-01-05,7,all_weather,4686.8609
2015-01-05,8,all_weather,4615.5819
2015-01-05,9,all_weather,4558.5571
2015-01-05,10,all_weather,4522.3707
2015-01-05,11,all_weather,4480.4081
2015-01-05,12,all_weather,4360.0295
2015-01-05,13,all_weather,4339.6488
2015-01-05,14,all_weather,4341.1800
2015-01-05,15,all_weather,4298.5614
2015-01-05,16,all_weather,4298.5614
2015-01-05,17,all_weather,4298.5614
2015-01-05,18,all_weather,4298.5614
2015-01-05,19,all_weather,4248.6930
2015-01-05,20,all_weather,4298.5614
2015-01-05,21,all_weather,4298.5614
2015-01-05,22,all_weather,4292.5347
2015-01-05,23,all_weather,4327.9506
2015-01-05,24,all_weather,4436.5691
2015-01-05,25,all_weather,4584.3561
2015-01-05,26,all_weather,4646.0903
2015-01-05,27,all_weather,4670.6699
2015-01-05,28,all_weather,4921.4757
2015-01-05,29,all_weather,5131.5291
2015-01-05,30,all_weather,5412.0034
2015-01-05,31,all_weather,5764.3840
2015-01-05,32,all_weather,6478.2853
2015-01-05,33,all_weather,7780.8897
2015-01-05,34,all_weather,8093.9311
2015-01-05,35,all_weather,8275.1380
2015-01-05,36,all_weather,8490.0499
2015-01-05,37,all_weather,8482.2778
2015-01-05,38,all_weather,8613.0141
2015-01-05,39,all_weather,8573.0845
2015-01-05,40,all_weather,8646.1628
2015-01-05,41,all_weather,8621.9402
2015-01-05,42,all_weather,8597.0896
2015-01-05,43,all_weather,8584.4861
2015-01-05,44,all_weather,8584.4861
2015-01-05,45,all_weather,8560.7530
2015-01-05,46,all_weather,8573.0845
2015-01-05,47,all_weather,8404.6781
2015-01-05,48,all_weather,7439.7781
2015-01-05,49,all_weather,6364.2626
2015-01-05,50,all_weather,6343.5728
2015-01-05,51,all_weather,6320.5319
2015-01-05,52,all_weather,6352.8087
2015-01-05,53,all_weather,6554.6252
2015-01-05,54,all_weather,7343.2322
2015-01-05,55,all_weather,8123.4537
2015-01-05,56,all_weather,8304.7293
2015-01-05,57,all_weather,8370.6957
2015-01-05,58,all_weather,8431.7375
2015-01-05,59,all_weather,8424.0396
2015-01-05,60,all_weather,8437.6182
2015-01-05,61,all_weather,8478.3558
2015-01-05,62,all_weather,8497.5539
2015-01-05,63,all_weather,8541.0205
2015-01-05,64,all_weather,8500.0613
2015-01-05,65,all_weather,8587.1968
2015-01-05,66,all_weather,8587.1968
2015-01-05,67,all_weather,8587.1968
2015-01-05,68,all_weather,8500.0613
2015-01-05,69,all_weather,8523.7324
2015-01-05,70,all_weather,8012.5322
2015-01-05,71,all_weather,7648.2076
2015-01-05,72,all_weather,7775.0896
2015-01-05,73,all_weather,8013.8223
2015-01-05,74,all_weather,8185.1227
2015-01-05,75,all_weather,8349.2964
2015-01-05,76,all_weather,8366.2825
2015-01-05,77,all_weather,8372.3092
2015-01-05,78,all_weather,8322.1714
2015-01-05,79,all_weather,8292.1258
2015-01-05,80,all_weather,8185.1227
2015-01-05,81,all_weather,8185.1227
2015-01-05,82,all_weather,8185.1227
2015-01-05,83,all_weather,8112.4349
2015-01-05,84,all_weather,8070.3103
2015-01-05,85,all_weather,7970.2139
2015-01-05,86,all_weather,7799.2516
2015-01-05,87,all_weather,7691.4137
2015-01-05,88,all_weather,7374.3746
2015-01-05,89,all_weather,7379.8457
2015-01-05,90,all_weather,6873.2236
2015-01-05,91,all_weather,6587.8714
2015-01-05,92,all_weather,6202.1680
2015-01-05,93,all_weather,6046.9682
2015-01-05,94,all_weather,5887.0861
2015-01-05,95,all_weather,5631.1431
2015-01-06,0,all_weather,5589.4914
2015-01-06,1,all_weather,5353.0171
2015-01-06,2,all_weather,5271.7247
2015-01-06,3,all_weather,5126.4862
2015-01-06,4,all_weather,5109.2900
2015-01-06,5,all_weather,5101.5210
2015-01-06,6,all_weather,5015.7823
2015-01-06,7,all_weather,5012.7685
2015-01-06,8,all_weather,4929.3282
2015-01-06,9,all_weather,4929.3282
2015-01-06,10,all_weather,4920.3890
2015-01-06,11,all_weather,4855.1629
2015-01-06,12,all_weather,4846.7017
2015-01-06,13,all_weather,4829.9074
2015-01-06,14,all_weather,4824.2358
2015-01-06,15,all_weather,4824.2358
2015-01-06,16,all_weather,4821.8560
2015-01-06,17,all_weather,4814.7699
2015-01-06,18,all_weather,4814.7699
2015-01-06,19,all_weather,4814.7699
2015-01-06,20,all_weather,4814.7699
2015-01-06,21,all_weather,4821.9726
2015-01-06,22,all_weather,4814.7699
2015-01-06,23,all_weather,4821.8560
2015-01-06,24,all_weather,4824.2358
2015-01-06,25,all_weather,4857.7394
2015-01-06,26,all_weather,4853.8976
2015-01-06,27,all_weather,4946.6938
2015-01-06,28,all_weather,5126.6661
2015-01-06,29,all_weather,5629.1557
2015-01-06,30,all_weather,5880.5776
2015-01-06,31,all_weather,5999.0874
2015-01-06,32,all_weather,6428.8603
2015-01-06,33,all_weather,7922.0828
2015-01-06,34,all_weather,8167.1485
2015-01-06,35,all_weather,8457.7046
2015-01-06,36,all_weather,8542.7009
2015-01-06,37,all_weather,8496.0010
2015-01-06,38,all_weather,8391.3747
2015-01-06,39,all_weather,8409.2488
2015-01-06,40,all_weather,8448.2202
2015-01-06,41,all_weather,8468.8555
2015-01-06,42,all_weather,8514.6296
2015-01-06,43,all_weather,8514.6296
2015-01-06,44,all_weather,8514.6296
2015-01-06,45,all_weather,8486.5900
2015-01-06,46,all_weather,8326.5002
2015-01-06,47,all_weather,8384.3647
2015-01-06,48,all_weather,7230.6899
2015-01-06,49,all_weather,6391.1645
2015-01-06,50,all_weather,6338.8905
2015-01-06,51,all_weather,6402.0603
2015-01-06,52,all_weather,6403.5454
2015-01-06,53,all_weather,6416.9575
2015-01-06,54,all_weather,7195.7781
2015-01-06,55,all_weather,8082.4446
2015-01-06,56,all_weather,8195.7535
2015-01-06,57,all_weather,8378.2344
2015-01-06,58,all_weather,8432.0903
2015-01-06,59,all_weather,8444.7105
2015-01-06,60,all_weather,8330.8282
2015-01-06,61,all_weather,8335.4441
2015-01-06,62,all_weather,8223.7702
2015-01-06,63,all_weather,8304.3143
2015-01-06,64,all_weather,8372.8381
2015-01-06,65,all_weather,8366.8395
2015-01-06,66,all_weather,8405.8109
2015-01-06,67,all_weather,8405.8109
2015-01-06,68,all_weather,8366.8395
2015-01-06,69,all_weather,8251.9316
2015-01-06,70,all_weather,8008.5330
2015-01-06,71,all_weather,7745.6664
2015-01-06,72,all_weather,7641.3082
2015-01-06,73,all_weather,7907.0876
2015-01-06,74,all_weather,8187.7548
2015-01-06,75,all_weather,8320.9131
2015-01-06,76,all_weather,8330.7027
2015-01-06,77,all_weather,8351.7231
2015-01-06,78,all_weather,8279.3156
2015-01-06,79,all_weather,8318.0670
2015-01-06,80,all_weather,8239.9649
2015-01-06,81,all_weather,8179.1290
2015-01-06,82,all_weather,8179.1290
2015-01-06,83,all_weather,8035.7674
2015-01-06,84,all_weather,8017.8818
2015-01-06,85,all_weather,7877.1638
2015-01-06,86,all_weather,7694.9989
2015-01-06,87,all_weather,7611.5294
2015-01-06,88,all_weather,7211.5378
2015-01-06,89,all_weather,7075.0925
2015-01-06,90,all_weather,6566.5368
2015-01-06,91,all_weather,6363.2024
2015-01-06,92,all_weather,6214.3213
2015-01-06,93,all_weather,6058.5939
2015-01-06,94,all_weather,6169.3744
2015-01-06,95,all_weather,5814.2412
2015-01-07,0,all_weather,5217.6682
2015-01-07,1,all_weather,4931.0565
2015-01-07,2,all_weather,4845.9090
2015-01-07,3,all_weather,4812.6167
2015-01-07,4,all_weather,4739.8801
2015-01-07,5,all_weather,4706.7820
2015-01-07,6,all_weather,4635.0924
2015-01-07,7,all_weather,4632.0787
2015-01-07,8,all_weather,4614.6442
2015-01-07,9,all_weather,4607.5581
2015-01-07,10,all_weather,4615.4123
2015-01-07,11,all_weather,4528.3980
2015-01-07,12,all_weather,4525.1925
2015-01-07,13,all_weather,4504.8119
2015-01-07,14,all_weather,4469.4187
2015-01-07,15,all_weather,4469.4187
2015-01-07,16,all_weather,4484.2498
2015-01-07,17,all_weather,4375.6313
2015-01-07,18,all_weather,4375.6313
2015-01-07,19,all_weather,4375.6313
2015-01-07,20,all_weather,4375.6313
2015-01-07,21,all_weather,4375.6313
2015-01-07,22,all_weather,4375.6313
2015-01-07,23,all_weather,4375.6313
2015-01-07,24,all_weather,4481.5845
2015-01-07,25,all_weather,4497.8319
2015-01-07,26,all_weather,4556.5600
2015-01-07,27,all_weather,4566.0260
2015-01-07,28,all_weather,4808.7809
2015-01-07,29,all_weather,5094.2907
2015-01-07,30,all_weather,5919.8981
2015-01-07,31,all_weather,6150.6161
2015-01-07,32,all_weather,6176.5898
2015-01-07,33,all_weather,7245.5534
2015-01-07,34,all_weather,7918.1843
2015-01-07,35,all_weather,8042.2835
2015-01-07,36,all_weather,8204.8676
2015-01-07,37,all_weather,8215.8960
2015-01-07,38,all_weather,8210.4408
2015-01-07,39,all_weather,8305.8344
2015-01-07,40,all_weather,8338.9953
2015-01-07,41,all_weather,8338.9953
2015-01-07,42,all_weather,8379.6240
2015-01-07,43,all_weather,8326.5363
2015-01-07,44,all_weather,8373.6254
2015-01-07,45,all_weather,8373.6254
2015-01-07,46,all_weather,8246.3805
2015-01-07,47,all_weather,8090.6085
2015-01-07,48,all_weather,6470.7453
2015-01-07,49,all_weather,6153.6230
2015-01-07,50,all_weather,6200.9597
2015-01-07,51,all_weather,6173.8261
2015-01-07,52,all_weather,6200.9597
2015-01-07,53,all_weather,6260.6868
2015-01-07,54,all_weather,6382.3047
2015-01-07,55,all_weather,7491.1024
2015-01-07,56,all_weather,7696.0800
2015-01-07,57,all_weather,7733.1773
2015-01-07,58,all_weather,7864.2194
2015-01-07,59,all_weather,7827.8825
2015-01-07,60,all_weather,7875.5291
2015-01-07,61,all_weather,7904.9292
2015-01-07,62,all_weather,7784.3345
2015-01-07,63,all_weather,8190.7869
2015-01-07,64,all_weather,8202.5040
2015-01-07,65,all_weather,8320.6111
2015-01-07,66,all_weather,8320.6111
2015-01-07,67,all_weather,8283.8037
2015-01-07,68,all_weather,7633.5277
2015-01-07,69,all_weather,7330.6552
2015-01-07,70,all_weather,7278.0825
2015-01-07,71,all_weather,6843.4382
2015-01-07,72,all_weather,6748.1751
2015-01-07,73,all_weather,7276.7766
2015-01-07,74,all_weather,7938.0875
2015-01-07,75,all_weather,7853.0087
2015-01-07,76,all_weather,7853.0087
2015-01-07,77,all_weather,7828.6640
2015-01-07,78,all_weather,7820.1843
2015-01-07,79,all_weather,8168.6059
2015-01-07,80,all_weather,7996.1060
2015-01-07,81,all_weather,7969.6744
2015-01-07,82,all_weather,7947.2358
2015-01-07,83,all_weather,7982.6215
2015-01-07,84,all_weather,8119.8071
2015-01-07,85,all_weather,6702.3076
2015-01-07,86,all_weather,6951.0737
2015-01-07,87,all_weather,6949.1170
2015-01-07,88,all_weather,6724.3580
2015-01-07,89,all_weather,6807.3684
2015-01-07,90,all_weather,6852.3294
2015-01-07,91,all_weather,6766.3186
2015-01-07,92,all_weather,6382.6903
2015-01-07,93,all_weather,6204.3317
2015-01-07,94,all_weather,6124.3462
2015-01-07,95,all_weather,5572.4596
2015-01-08,0,all_weather,5320.1579
2015-01-08,1,all_weather,5269.0897
2015-01-08,2,all_weather,5076.5597
2015-01-08,3,all_weather,4995.6454
2015-01-08,4,all_weather,4893.2267
2015-01-08,5,all_weather,4871.2437
2015-01-08,6,all_weather,4656.1578
2015-01-08,7,all_weather,4616.4954
2015-01-08,8,all_weather,4606.5465
2015-01-08,9,all_weather,4606.5465
2015-01-08,10,all_weather,4567.5179
2015-01-08,11,all_weather,4510.5690
2015-01-08,12,all_weather,4449.1733
2015-01-08,13,all_weather,4417.0822
2015-01-08,14,all_weather,4394.6096
2015-01-08,15,all_weather,4394.6096
2015-01-08,16,all_weather,4429.5616
2015-01-08,17,all_weather,4429.5616
2015-01-08,18,all_weather,4442.0243
2015-01-08,19,all_weather,4493.0713
2015-01-08,20,all_weather,4493.0713
2015-01-08,21,all_weather,4493.0713
2015-01-08,22,all_weather,4493.0713
2015-01-08,23,all_weather,4513.3828
2015-01-08,24,all_weather,4543.5874
2015-01-08,25,all_weather,4547.1901
2015-01-08,26,all_weather,4573.4376
2015-01-08,27,all_weather,4665.9671
2015-01-08,28,all_weather,4853.9281
2015-01-08,29,all_weather,5207.7205
2015-01-08,30,all_weather,5274.5398
2015-01-08,31,all_weather,5828.0445
2015-01-08,32,all_weather,5792.8994
2015-01-08,33,all_weather,8203.5335
2015-01-08,34,all_weather,8205.1454
2015-01-08,35,all_weather,8278.7826
2015-01-08,36,all_weather,8303.3403
2015-01-08,37,all_weather,8337.2157
2015-01-08,38,all_weather,8407.0806
2015-01-08,39,all_weather,8425.7680
2015-01-08,40,all_weather,8483.5148
2015-01-08,41,all_weather,8492.9427
2015-01-08,42,all_weather,8486.1905
2015-01-08,43,all_weather,8484.4369
2015-01-08,44,all_weather,8484.4369
2015-01-08,45,all_weather,8486.1905
2015-01-08,46,all_weather,8452.8259
2015-01-08,47,all_weather,8347.6205
2015-01-08,48,all_weather,6495.3608
2015-01-08,49,all_weather,6293.7283
2015-01-08,50,all_weather,6216.1268
2015-01-08,51,all_weather,6216.1268
2015-01-08,52,all_weather,6205.5453
2015-01-08,53,all_weather,6200.7593
2015-01-08,54,all_weather,6350.7600
2015-01-08,55,all_weather,8369.4346
2015-01-08,56,all_weather,8349.0711
2015-01-08,57,all_weather,8368.0978
2015-01-08,58,all_weather,8448.1038
2015-01-08,59,all_weather,8487.4230
2015-01-08,60,all_weather,8492.6001
2015-01-08,61,all_weather,8276.9829
2015-01-08,62,all_weather,8277.6200
2015-01-08,63,all_weather,8277.6200
2015-01-08,64,all_weather,8408.7111
2015-01-08,65,all_weather,8412.6572
2015-01-08,66,all_weather,8468.1148
2015-01-08,67,all_weather,8468.1148
2015-01-08,68,all_weather,8412.6572
2015-01-08,69,all_weather,8317.5058
2015-01-08,70,all_weather,8283.7799
2015-01-08,71,all_weather,8419.7878
2015-01-08,72,all_weather,8390.6613
2015-01-08,73,all_weather,8370.7035
2015-01-08,74,all_weather,8251.5821
2015-01-08,75,all_weather,8245.6350
2015-01-08,76,all_weather,8245.6350
2015-01-08,77,all_weather,8281.8682
2015-01-08,78,all_weather,8220.6732
2015-01-08,79,all_weather,8244.4865
2015-01-08,80,all_weather,8264.2390
2015-01-08,81,all_weather,8289.2008
2015-01-08,82,all_weather,8289.2008
2015-01-08,83,all_weather,8304.0448
2015-01-08,84,all_weather,8307.5290
2015-01-08,85,all_weather,8426.0068
2015-01-08,86,all_weather,8425.5232
2015-01-08,87,all_weather,7860.8232
2015-01-08,88,all_weather,6649.7595
2015-01-08,89,all_weather,6550.3977
2015-01-08,90,all_weather,6324.1802
2015-01-08,91,all_weather,6276.6841
2015-01-08,92,all_weather,6094.9742
2015-01-08,93,all_weather,5984.8874
2015-01-08,94,all_weather,5884.0861
2015-01-08,95,all_weather,5527.7258
2015-01-09,0,all_weather,5462.4592
2015-01-09,1,all_weather,5307.0311
2015-01-09,2,all_weather,5168.4425
2015-01-09,3,all_weather,5119.2227
2015-01-09,4,all_weather,5016.8040
2015-01-09,5,all_weather,5014.3137
2015-01-09,6,all_weather,4799.2278
2015-01-09,7,all_weather,4796.2141
2015-01-09,8,all_weather,4730.1991
2015-01-09,9,all_weather,4730.1991
2015-01-09,10,all_weather,4691.1706
2015-01-09,11,all_weather,4634.2217
2015-01-09,12,all_weather,4620.4249
2015-01-09,13,all_weather,4572.5452
2015-01-09,14,all_weather,4541.1141
2015-01-09,15,all_weather,4491.9212
2015-01-09,16,all_weather,4491.9212
2015-01-09,17,all_weather,4491.9212
2015-01-09,18,all_weather,4491.9212
2015-01-09,19,all_weather,4440.8742
2015-01-09,20,all_weather,4491.9212
2015-01-09,21,all_weather,4491.9212
2015-01-09,22,all_weather,4491.9212
2015-01-09,23,all_weather,4541.1141
2015-01-09,24,all_weather,4526.2712
2015-01-09,25,all_weather,4542.0598
2015-01-09,26,all_weather,4583.1502
2015-01-09,27,all_weather,4675.5667
2015-01-09,28,all_weather,4868.7710
2015-01-09,29,all_weather,5192.8776
2015-01-09,30,all_weather,5221.6878
2015-01-09,31,all_weather,5623.7915
2015-01-09,32,all_weather,6162.7983
2015-01-09,33,all_weather,8012.9533
2015-01-09,34,all_weather,8086.4300
2015-01-09,35,all_weather,8384.0383
2015-01-09,36,all_weather,8363.8287
2015-01-09,37,all_weather,8136.6631
2015-01-09,38,all_weather,7793.3842
2015-01-09,39,all_weather,7804.0641
2015-01-09,40,all_weather,7699.2100
2015-01-09,41,all_weather,7763.3767
2015-01-09,42,all_weather,7767.9312
2015-01-09,43,all_weather,7767.9312
2015-01-09,44,all_weather,7767.9312
2015-01-09,45,all_weather,7387.6280
2015-01-09,46,all_weather,7868.9865
2015-01-09,47,all_weather,8029.9441
2015-01-09,48,all_weather,6997.0532
2015-01-09,49,all_weather,6626.6660
2015-01-09,50,all_weather,6583.0103
2015-01-09,51,all_weather,6536.6915
2015-01-09,52,all_weather,6575.4145
2015-01-09,53,all_weather,6698.6857
2015-01-09,54,all_weather,7276.8564
2015-01-09,55,all_weather,8253.9584
2015-01-09,56,all_weather,8476.6505
2015-01-09,57,all_weather,8210.8523
2015-01-09,58,all_weather,8180.7325
2015-01-09,59,all_weather,7885.7163
2015-01-09,60,all_weather,7900.3025
2015-01-09,61,all_weather,7926.2543
2015-01-09,62,all_weather,7773.3176
2015-01-09,63,all_weather,7778.7061
2015-01-09,64,all_weather,7789.3860
2015-01-09,65,all_weather,7676.7610
2015-01-09,66,all_weather,7688.4781
2015-01-09,67,all_weather,7676.7610
2015-01-09,68,all_weather,7676.7610
2015-01-09,69,all_weather,7949.2051
2015-01-09,70,all_weather,7651.8868
2015-01-09,71,all_weather,7206.2435
2015-01-09,72,all_weather,7052.8487
2015-01-09,73,all_weather,7515.1868
2015-01-09,74,all_weather,7833.7358
2015-01-09,75,all_weather,7940.4469
2015-01-09,76,all_weather,7943.7205
2015-01-09,77,all_weather,7586.1049
2015-01-09,78,all_weather,7935.2408
2015-01-09,79,all_weather,7941.5181
2015-01-09,80,all_weather,7833.7358
2015-01-09,81,all_weather,7448.1869
2015-01-09,82,all_weather,7935.5637
2015-01-09,83,all_weather,7447.5498
2015-01-09,84,all_weather,7692.8105
2015-01-09,85,all_weather,7187.2592
2015-01-09,86,all_weather,7230.0493
2015-01-09,87,all_weather,7260.9097
2015-01-09,88,all_weather,6891.7837
2015-01-09,89,all_weather,6971.0104
2015-01-09,90,all_weather,6784.0840
2015-01-09,91,all_weather,6875.8805
2015-01-09,92,all_weather,6793.8537
2015-01-09,93,all_weather,6365.0401
2015-01-09,94,all_weather,6237.1114
2015-01-09,95,all_weather,5732.3973
2015-01-10,0,all_weather,5526.1786
2015-01-10,1,all_weather,5274.2977
2015-01-10,2,all_weather,5048.4786
2015-01-10,3,all_weather,4863.5356
2015-01-10,4,all_weather,4846.8535
2015-01-10,5,all_weather,4762.8646
2015-01-10,6,all_weather,4628.5604
2015-01-10,7,all_weather,4632.4186
2015-01-10,8,all_weather,4619.9794
2015-01-10,9,all_weather,4593.6148
2015-01-10,10,all_weather,4530.5832
2015-01-10,11,all_weather,4473.6343
2015-01-10,12,all_weather,4411.4547
2015-01-10,13,all_weather,4379.3637
2015-01-10,14,all_weather,4347.9325
2015-01-10,15,all_weather,4347.9325
2015-01-10,16,all_weather,4347.9325
2015-01-10,17,all_weather,4296.8855
2015-01-10,18,all_weather,4296.8855
2015-01-10,19,all_weather,4296.8855
2015-01-10,20,all_weather,4296.8855
2015-01-10,21,all_weather,4296.8855
2015-01-10,22,all_weather,4296.8855
2015-01-10,23,all_weather,4296.8855
2015-01-10,24,all_weather,4296.8855
2015-01-10,25,all_weather,4415.7850
2015-01-10,26,all_weather,4439.7880
2015-01-10,27,all_weather,4456.6154
2015-01-10,28,all_weather,4564.8855
2015-01-10,29,all_weather,4962.2680
2015-01-10,30,all_weather,5257.8090
2015-01-10,31,all_weather,5644.0832
2015-01-10,32,all_weather,6036.6549
2015-01-10,33,all_weather,6903.7044
2015-01-10,34,all_weather,7380.5062
2015-01-10,35,all_weather,7842.6180
2015-01-10,36,all_weather,8075.7351
2015-01-10,37,all_weather,8097.0690
2015-01-10,38,all_weather,8124.6375
2015-01-10,39,all_weather,8080.0647
2015-01-10,40,all_weather,8162.9162
2015-01-10,41,all_weather,8248.2142
2015-01-10,42,all_weather,8046.0193
2015-01-10,43,all_weather,8046.0193
2015-01-10,44,all_weather,8046.0193
2015-01-10,45,all_weather,8049.2988
2015-01-10,46,all_weather,8099.1517
2015-01-10,47,all_weather,7952.2617
2015-01-10,48,all_weather,6583.3620
2015-01-10,49,all_weather,6131.0322
2015-01-10,50,all_weather,6060.3031
2015-01-10,51,all_weather,6079.8548
2015-01-10,52,all_weather,6030.7982
2015-01-10,53,all_weather,6209.1428
2015-01-10,54,all_weather,6272.9495
2015-01-10,55,all_weather,7354.7290
2015-01-10,56,all_weather,7778.5581
2015-01-10,57,all_weather,7874.9815
2015-01-10,58,all_weather,7969.7970
2015-01-10,59,all_weather,7946.1964
2015-01-10,60,all_weather,7958.1082
2015-01-10,61,all_weather,7904.5305
2015-01-10,62,all_weather,7896.7045
2015-01-10,63,all_weather,8039.1279
2015-01-10,64,all_weather,8065.0328
2015-01-10,65,all_weather,8089.9125
2015-01-10,66,all_weather,8114.6099
2015-01-10,67,all_weather,8117.3977
2015-01-10,68,all_weather,7866.3417
2015-01-10,69,all_weather,7884.3024
2015-01-10,70,all_weather,7296.6913
2015-01-10,71,all_weather,6680.0888
2015-01-10,72,all_weather,6697.6234
2015-01-10,73,all_weather,7055.5967
2015-01-10,74,all_weather,7432.3299
2015-01-10,75,all_weather,7524.4178
2015-01-10,76,all_weather,7524.4178
2015-01-10,77,all_weather,7524.4178
2015-01-10,78,all_weather,7508.4723
2015-01-10,79,all_weather,7368.6860
2015-01-10,80,all_weather,7157.2169
2015-01-10,81,all_weather,7136.5816
2015-01-10,82,all_weather,7136.5816
2015-01-10,83,all_weather,7129.0107
2015-01-10,84,all_weather,6981.9401
2015-01-10,85,all_weather,6884.9403
2015-01-10,86,all_weather,6808.3618
2015-01-10,87,all_weather,6610.0948
2015-01-10,88,all_weather,6270.8296
2015-01-10,89,all_weather,6231.3444
2015-01-10,90,all_weather,6078.3172
2015-01-10,91,all_weather,6063.9126
2015-01-10,92,all_weather,5951.3255
2015-01-10,93,all_weather,6063.4324
2015-01-10,94,all_weather,5591.1887
2015-01-10,95,all_weather,5208.6378
